row_id,plant_id,period_kind,period,start_month,end_month,quantity,value,unit,ref_id,pdf_page,quote,confidence,check,notes
nrd_s202223_biogas_produced_ras2223,sp_cocal_narandiba,safra,2022/23,2022-04,2023-03,biogas_produced,23400000,Nm3,cocal_ras_2022_23,52,"Em seu primeiro ano de operação, | nossa planta gerou 23,4 milhões de | normal-metros cúbicos de biogás e | 4,3 milhões de normal-metros cúbicos | de biometano",V,llm_double_read,First year of operation; reporting period 1 Apr 2022-31 Mar 2023 (p. 82). Also on p. 10 as realised 22/23. RAS 2025/26 p. 25 repeats 23.4 in its 22/23-25/26 chart.
nrd_s202223_biomethane_produced_ras2223,sp_cocal_narandiba,safra,2022/23,2022-04,2023-03,biomethane_produced,4300000,Nm3,cocal_ras_2022_23,52,"Em seu primeiro ano de operação, | nossa planta gerou 23,4 milhões de | normal-metros cúbicos de biogás e | 4,3 milhões de normal-metros cúbicos | de biometano",V,llm_double_read,First year of operation; reporting period 1 Apr 2022-31 Mar 2023 (p. 82). RAS 2025/26 p. 25 repeats 4.3 in its 22/23-25/26 chart.
nrd_s202223_biogas_capacity_ras2223,sp_cocal_narandiba,safra,2022/23,2022-04,2023-03,biogas_capacity,33000000,Nm3,cocal_ras_2022_23,10,Capacidade produtiva | Realizado em 22/23 | BIOGÁS BIOMETANO | 33 milhões 9 milhões | de Nm³ de Nm³,V,llm_double_read,"Annual biogas capacity (= 90.4 k Nm3/d over 365 d). Legend 'Capacidade produtiva' is listed before 'Realizado em 22/23', and in every block of the page the lower number is the realised value printed elsewhere (milling 8.4 Mt p. 44, ethanol 279 M L p. 50, biogas 23.4 and biomethane 4.3 M Nm3 p. 52), while the milling capacity reads 'de toneladas/ano'. So the upper number is the capacity; both reads agree. Geo RS 2022/23 p. 29 gives '120 thousand Nm³/day of biogas' (43.8 M Nm3 over 365 d): docs/21 C39."
nrd_s202223_biomethane_capacity_ras2223,sp_cocal_narandiba,safra,2022/23,2022-04,2023-03,biomethane_capacity,9000000,Nm3,cocal_ras_2022_23,10,Capacidade produtiva | Realizado em 22/23 | BIOGÁS BIOMETANO | 33 milhões 9 milhões | de Nm³ de Nm³,V,llm_double_read,"Annual biomethane capacity (= 24.7 k Nm3/d over 365 d; Geo RS 2022/23 p. 29: 26 thousand Nm3/day, docs/21 C37). Legend 'Capacidade produtiva' is listed before 'Realizado em 22/23', and in every block of the page the lower number is the realised value printed elsewhere (milling 8.4 Mt p. 44, ethanol 279 M L p. 50, biogas 23.4 and biomethane 4.3 M Nm3 p. 52), while the milling capacity reads 'de toneladas/ano'. So the upper number is the capacity; both reads agree."
nrd_s202324_biogas_produced_ras2324,sp_cocal_narandiba,safra,2023/24,2023-04,2024-03,biogas_produced,30500000,Nm3,cocal_ras_2023_24,15,"BIOGÁS | 30,5 milhões | de Nm³",V,llm_double_read,Company highlight; Narandiba was Cocal's only biogas plant in 2023/24 (p. 24). Same value on p. 26. p. 7: Paraguaçu was still 'a construção da segunda planta de produção de biogás da Cocal'.
nrd_s202324_biomethane_produced_ras2324,sp_cocal_narandiba,safra,2023/24,2023-04,2024-03,biomethane_produced,7900000,Nm3,cocal_ras_2023_24,24,"PRODUÇÃO DE | BIOMETANO | 7,9 milhões/Nm3",V,llm_double_read,"Flow chart for the Narandiba plant, safra 23/24; reporting period 1 Apr 2023-31 Mar 2024 (p. 98). Destinations on p. 24 sum to 7.73 M Nm3 (0.565 + 4.1 + 2.4 + 0.667), 0.17 M below production; p. 24 shows no flare."
nrd_s202324_filter_cake_processed_ras2324,sp_cocal_narandiba,safra,2023/24,2023-04,2024-03,filter_cake_processed,130000,t,cocal_ras_2023_24,24,Torta de | filtro 130 mil t,V,llm_double_read,"Flow chart for the Narandiba plant, safra 23/24; reporting period 1 Apr 2023-31 Mar 2024 (p. 98)."
nrd_s202324_vinasse_processed_ras2324,sp_cocal_narandiba,safra,2023/24,2023-04,2024-03,vinasse_processed,1200000,m3,cocal_ras_2023_24,24,"Vinhaça 1,2 milhão m 3",V,llm_double_read,"Flow chart for the Narandiba plant, safra 23/24; reporting period 1 Apr 2023-31 Mar 2024 (p. 98)."
nrd_s202324_chicken_manure_processed_ras2324,sp_cocal_narandiba,safra,2023/24,2023-04,2024-03,chicken_manure_processed,1900,t,cocal_ras_2023_24,24,"Esterco de galinha 1,9 mil t",V,llm_double_read,"Flow chart for the Narandiba plant, safra 23/24; reporting period 1 Apr 2023-31 Mar 2024 (p. 98)."
nrd_s202324_cattle_manure_processed_ras2324,sp_cocal_narandiba,safra,2023/24,2023-04,2024-03,cattle_manure_processed,5100,t,cocal_ras_2023_24,24,"Esterco bovino 5,1 mil t",V,llm_double_read,"Flow chart for the Narandiba plant, safra 23/24; reporting period 1 Apr 2023-31 Mar 2024 (p. 98)."
nrd_s202324_other_waste_processed_ras2324,sp_cocal_narandiba,safra,2023/24,2023-04,2024-03,other_waste_processed,4100,t,cocal_ras_2023_24,24,"Outros resíduos | industriais e urbanos 4,1 mil t",V,llm_double_read,"Flow chart for the Narandiba plant, safra 23/24; reporting period 1 Apr 2023-31 Mar 2024 (p. 98)."
nrd_s202324_biomethane_to_pipeline_ras2324,sp_cocal_narandiba,safra,2023/24,2023-04,2024-03,biomethane_to_pipeline,565000,Nm3,cocal_ras_2023_24,24,(via gasoduto) 565 mil Nm3,V,llm_double_read,"Flow chart for the Narandiba plant, safra 23/24; reporting period 1 Apr 2023-31 Mar 2024 (p. 98)."
nrd_s202324_biomethane_to_road_ras2324,sp_cocal_narandiba,safra,2023/24,2023-04,2024-03,biomethane_to_road,4100000,Nm3,cocal_ras_2023_24,24,"4,1 milhões Nm3 | (via rodoviário)",V,llm_double_read,"Flow chart for the Narandiba plant, safra 23/24; reporting period 1 Apr 2023-31 Mar 2024 (p. 98)."
nrd_s202324_biomethane_to_industrial_use_ras2324,sp_cocal_narandiba,safra,2023/24,2023-04,2024-03,biomethane_to_industrial_use,2400000,Nm3,cocal_ras_2023_24,24,"Consumo | 2,4 milhões Nm3 | industrial",V,llm_double_read,"Flow chart for the Narandiba plant, safra 23/24; reporting period 1 Apr 2023-31 Mar 2024 (p. 98)."
nrd_s202324_biomethane_to_fleet_ras2324,sp_cocal_narandiba,safra,2023/24,2023-04,2024-03,biomethane_to_fleet,667000,Nm3,cocal_ras_2023_24,24,Frota 667 mil Nm3,V,llm_double_read,"Flow chart for the Narandiba plant, safra 23/24; reporting period 1 Apr 2023-31 Mar 2024 (p. 98)."
nrd_s202324_electricity_distributed_generation_ras2324,sp_cocal_narandiba,safra,2023/24,2023-04,2024-03,electricity_distributed_generation,29300,MWh,cocal_ras_2023_24,24,"Geração distribuída | (energia) 29,3 mil MWh",V,llm_double_read,"Flow chart for the Narandiba plant, safra 23/24; reporting period 1 Apr 2023-31 Mar 2024 (p. 98)."
nrd_s202324_biofertiliser_ras2324,sp_cocal_narandiba,safra,2023/24,2023-04,2024-03,biofertiliser,40000,t,cocal_ras_2023_24,24,Biofertilizante 40 mil t,V,llm_double_read,"Flow chart for the Narandiba plant, safra 23/24; reporting period 1 Apr 2023-31 Mar 2024 (p. 98)."
nrd_s202425_biogas_produced_ras2425,sp_cocal_narandiba,safra,2024/25,2024-04,2025-03,biogas_produced,27660000,Nm3,cocal_ras_2024_25,22,"Biogás: 27,66 milhões de Nm³ produzidos",V,llm_double_read,"Company highlight; Paraguaçu Paulista plant still under construction (p. 32), so Narandiba only. 27.7 on p. 33. p. 28: 'Com a planta de biogás em Narandiba em plena operação e o avanço nas obras da nova planta em Paraguaçu Paulista'."
nrd_s202425_biomethane_produced_ras2425,sp_cocal_narandiba,safra,2024/25,2024-04,2025-03,biomethane_produced,8100000,Nm3,cocal_ras_2024_25,32,"biometano de Narandiba ter atingido seu maior | volume já registrado, com 8,10 milhões de Nm3 | produzidos",V,llm_double_read,Record year for Narandiba. Destinations on p. 29 sum to 8.00 M Nm3 (4.9 + 1.47 + 1.04 + 0.59); the 0.1 M gap equals the biomethane flare on RAS 2025/26 p. 19.
nrd_s202425_filter_cake_processed_ras2425,sp_cocal_narandiba,safra,2024/25,2024-04,2025-03,filter_cake_processed,118000,t,cocal_ras_2024_25,29,118 mil t | Torta de filtro,V,llm_double_read,Flow chart 'Safra 2024/2025 Produção de biometano' (p. 29; plant named on p. 32); period 1 Apr 2024-31 Mar 2025 (p. 5).
nrd_s202425_vinasse_processed_ras2425,sp_cocal_narandiba,safra,2024/25,2024-04,2025-03,vinasse_processed,1100000,m3,cocal_ras_2024_25,29,"1,1 milhão m³ | Vinhaça",V,llm_double_read,Flow chart 'Safra 2024/2025 Produção de biometano' (p. 29; plant named on p. 32); period 1 Apr 2024-31 Mar 2025 (p. 5).
nrd_s202425_cattle_manure_processed_ras2425,sp_cocal_narandiba,safra,2024/25,2024-04,2025-03,cattle_manure_processed,5100,t,cocal_ras_2024_25,29,"5,1 mil t 1,88 mil t | Esterco bovino Esterco de galinha",V,llm_double_read,"Flow chart 'Safra 2024/2025 Produção de biometano' (p. 29; plant named on p. 32); period 1 Apr 2024-31 Mar 2025 (p. 5). Second read: same 5.1 kt as in 2023/24 (RAS 2023/24 p. 24); read right, but the figure may have been carried over."
nrd_s202425_chicken_manure_processed_ras2425,sp_cocal_narandiba,safra,2024/25,2024-04,2025-03,chicken_manure_processed,1880,t,cocal_ras_2024_25,29,"5,1 mil t 1,88 mil t | Esterco bovino Esterco de galinha",V,llm_double_read,Flow chart 'Safra 2024/2025 Produção de biometano' (p. 29; plant named on p. 32); period 1 Apr 2024-31 Mar 2025 (p. 5).
nrd_s202425_other_waste_processed_ras2425,sp_cocal_narandiba,safra,2024/25,2024-04,2025-03,other_waste_processed,23700,t,cocal_ras_2024_25,29,"23,7 mil t | Outros resíduos industriais e urbanos",V,llm_double_read,Flow chart 'Safra 2024/2025 Produção de biometano' (p. 29; plant named on p. 32); period 1 Apr 2024-31 Mar 2025 (p. 5).
nrd_s202425_biomethane_to_road_ras2425,sp_cocal_narandiba,safra,2024/25,2024-04,2025-03,biomethane_to_road,4900000,Nm3,cocal_ras_2024_25,29,"4,9 milhões Nm³ | Biometano (via transporte rodoviário)",V,llm_double_read,Flow chart 'Safra 2024/2025 Produção de biometano' (p. 29; plant named on p. 32); period 1 Apr 2024-31 Mar 2025 (p. 5).
nrd_s202425_biomethane_to_fleet_ras2425,sp_cocal_narandiba,safra,2024/25,2024-04,2025-03,biomethane_to_fleet,1470000,Nm3,cocal_ras_2024_25,29,"1,47 milhão Nm³ | Frota",V,llm_double_read,Flow chart 'Safra 2024/2025 Produção de biometano' (p. 29; plant named on p. 32); period 1 Apr 2024-31 Mar 2025 (p. 5).
nrd_s202425_biomethane_to_pipeline_ras2425,sp_cocal_narandiba,safra,2024/25,2024-04,2025-03,biomethane_to_pipeline,1040000,Nm3,cocal_ras_2024_25,29,"1,04 milhão Nm³ | Biometano (via gasoduto)",V,llm_double_read,Flow chart 'Safra 2024/2025 Produção de biometano' (p. 29; plant named on p. 32); period 1 Apr 2024-31 Mar 2025 (p. 5).
nrd_s202425_biomethane_to_industrial_use_ras2425,sp_cocal_narandiba,safra,2024/25,2024-04,2025-03,biomethane_to_industrial_use,590000,Nm3,cocal_ras_2024_25,29,"0,59 milhão Nm³ | Consumo industrial",V,llm_double_read,Flow chart 'Safra 2024/2025 Produção de biometano' (p. 29; plant named on p. 32); period 1 Apr 2024-31 Mar 2025 (p. 5).
nrd_s202425_electricity_distributed_generation_ras2425,sp_cocal_narandiba,safra,2024/25,2024-04,2025-03,electricity_distributed_generation,25360,MWh,cocal_ras_2024_25,29,"25,36 mil MWh | Geração distribuída (energia)",V,llm_double_read,Flow chart 'Safra 2024/2025 Produção de biometano' (p. 29; plant named on p. 32); period 1 Apr 2024-31 Mar 2025 (p. 5).
nrd_s202425_biofertiliser_ras2425,sp_cocal_narandiba,safra,2024/25,2024-04,2025-03,biofertiliser,31000,t,cocal_ras_2024_25,29,31 mil ton | Biofertilizante,V,llm_double_read,Flow chart 'Safra 2024/2025 Produção de biometano' (p. 29; plant named on p. 32); period 1 Apr 2024-31 Mar 2025 (p. 5).
nrd_s202425_biogas_flared_ras2526,sp_cocal_narandiba,safra,2024/25,2024-04,2025-03,biogas_flared,2200000,Nm3,cocal_ras_2025_26,19,"FLARE* | 24/25: 2,2 milhões de Nm3",S,llm_double_read,"Flow chart 'Fluxo produtivo do biometano' (p. 19). The 24/25 column is Narandiba alone: Paraguaçu Paulista was still being built (RAS 2024/25 p. 32: 'deve iniciar suas operações na safra 2025/2026'); its totals (biogas 27.7, biomethane 8.1 M Nm3) match RAS 2024/25 p. 22 and p. 32. Period 1 Apr 2024-31 Mar 2025. Two 'FLARE*' boxes on the page; this one is assigned by mass balance (biogas 12.8 + 12.6 + 2.2 = 27.7; biomethane outputs 4.9 + 1.5 + 0.6 + 1.0 + 0.1 = 8.1; same closure for 25/26). Check against the PDF. Second read: same assignment."
nrd_s202425_biomethane_flared_ras2526,sp_cocal_narandiba,safra,2024/25,2024-04,2025-03,biomethane_flared,100000,Nm3,cocal_ras_2025_26,19,"FLARE* | 24/25: 0,1 milhão de Nm3",S,llm_double_read,"Flow chart 'Fluxo produtivo do biometano' (p. 19). The 24/25 column is Narandiba alone: Paraguaçu Paulista was still being built (RAS 2024/25 p. 32: 'deve iniciar suas operações na safra 2025/2026'); its totals (biogas 27.7, biomethane 8.1 M Nm3) match RAS 2024/25 p. 22 and p. 32. Period 1 Apr 2024-31 Mar 2025. Two 'FLARE*' boxes on the page; this one is assigned by mass balance (biogas 12.8 + 12.6 + 2.2 = 27.7; biomethane outputs 4.9 + 1.5 + 0.6 + 1.0 + 0.1 = 8.1; same closure for 25/26). Check against the PDF. Second read: same assignment."
nrd_s202425_biogas_to_upgrading_ras2526,sp_cocal_narandiba,safra,2024/25,2024-04,2025-03,biogas_to_upgrading,12800000,Nm3,cocal_ras_2025_26,19,"24/25: 12,8 milhões Nm3",S,llm_double_read,"Flow chart 'Fluxo produtivo do biometano' (p. 19). The 24/25 column is Narandiba alone: Paraguaçu Paulista was still being built (RAS 2024/25 p. 32: 'deve iniciar suas operações na safra 2025/2026'); its totals (biogas 27.7, biomethane 8.1 M Nm3) match RAS 2024/25 p. 22 and p. 32. Period 1 Apr 2024-31 Mar 2025. Flow box without a label in the text; assigned by mass balance: biomethane 10.6 cannot come from 9.2 of biogas in 25/26, so the 12.8/17.6 pair feeds upgrading and the 12.6/9.2 pair feeds power. Check against the PDF. Second read: same assignment."
nrd_s202425_biogas_to_power_ras2526,sp_cocal_narandiba,safra,2024/25,2024-04,2025-03,biogas_to_power,12600000,Nm3,cocal_ras_2025_26,19,"24/25: 12,6 milhões Nm",S,llm_double_read,"Flow chart 'Fluxo produtivo do biometano' (p. 19). The 24/25 column is Narandiba alone: Paraguaçu Paulista was still being built (RAS 2024/25 p. 32: 'deve iniciar suas operações na safra 2025/2026'); its totals (biogas 27.7, biomethane 8.1 M Nm3) match RAS 2024/25 p. 22 and p. 32. Period 1 Apr 2024-31 Mar 2025. Flow box without a label in the text; assigned by mass balance: biomethane 10.6 cannot come from 9.2 of biogas in 25/26, so the 12.8/17.6 pair feeds upgrading and the 12.6/9.2 pair feeds power. Check against the PDF. Second read: same assignment."
nrdppt_s202526_biogas_produced_ras2526,sp_cocal_narandiba_paraguacu,safra,2025/26,2025-04,2026-03,biogas_produced,32700000,Nm3,cocal_ras_2025_26,19,"BIOGÁS | 24/25: 27,7 milhões de Nm3 | 25/26: 32,7 milhões de Nm3",V,llm_corrected,"Flow chart 'Fluxo produtivo do biometano' (p. 19). The 25/26 column is the total of Cocal's two biogas plants, Narandiba and Paraguaçu Paulista: p. 23 gives the same 10.6 M Nm3 of biomethane for 'as duas unidades', and Paraguaçu started in safra 2025/26 (RAS 2024/25 p. 32). ANP shows no processed biogas for Paraguaçu before May 2026 (docs/21 C41). Period 1 Apr 2025-31 Mar 2026 (p. 4). Second read: value confirmed; the first read keyed this row to Narandiba alone, and the second read, like the first reader's re-read of p. 23, found that the 25/26 column is the total of both plants."
nrdppt_s202526_biomethane_produced_ras2526,sp_cocal_narandiba_paraguacu,safra,2025/26,2025-04,2026-03,biomethane_produced,10600000,Nm3,cocal_ras_2025_26,19,"PRODUÇÃO DE BIOMETANO (Nm³) | 24/25: 8,1 milhões | 25/26: 10,6 milhões",V,llm_corrected,"Flow chart 'Fluxo produtivo do biometano' (p. 19). The 25/26 column is the total of Cocal's two biogas plants, Narandiba and Paraguaçu Paulista: p. 23 gives the same 10.6 M Nm3 of biomethane for 'as duas unidades', and Paraguaçu started in safra 2025/26 (RAS 2024/25 p. 32). ANP shows no processed biogas for Paraguaçu before May 2026 (docs/21 C41). Period 1 Apr 2025-31 Mar 2026 (p. 4). Second read: value confirmed; the first read keyed this row to Narandiba alone, and the second read, like the first reader's re-read of p. 23, found that the 25/26 column is the total of both plants."
nrdppt_s202526_filter_cake_processed_ras2526,sp_cocal_narandiba_paraguacu,safra,2025/26,2025-04,2026-03,filter_cake_processed,155200,t,cocal_ras_2025_26,19,"TORTA DE FILTRO | 25/26: 155,2 mil t",V,llm_corrected,"Flow chart 'Fluxo produtivo do biometano' (p. 19). The 25/26 column is the total of Cocal's two biogas plants, Narandiba and Paraguaçu Paulista: p. 23 gives the same 10.6 M Nm3 of biomethane for 'as duas unidades', and Paraguaçu started in safra 2025/26 (RAS 2024/25 p. 32). ANP shows no processed biogas for Paraguaçu before May 2026 (docs/21 C41). Period 1 Apr 2025-31 Mar 2026 (p. 4). Second read: value confirmed; the first read keyed this row to Narandiba alone, and the second read, like the first reader's re-read of p. 23, found that the 25/26 column is the total of both plants."
nrdppt_s202526_vinasse_processed_ras2526,sp_cocal_narandiba_paraguacu,safra,2025/26,2025-04,2026-03,vinasse_processed,1300000,m3,cocal_ras_2025_26,19,"VINHAÇA | 25/26: 1,3 milhão de m³",V,llm_corrected,"Flow chart 'Fluxo produtivo do biometano' (p. 19). The 25/26 column is the total of Cocal's two biogas plants, Narandiba and Paraguaçu Paulista: p. 23 gives the same 10.6 M Nm3 of biomethane for 'as duas unidades', and Paraguaçu started in safra 2025/26 (RAS 2024/25 p. 32). ANP shows no processed biogas for Paraguaçu before May 2026 (docs/21 C41). Period 1 Apr 2025-31 Mar 2026 (p. 4). Second read: value confirmed; the first read keyed this row to Narandiba alone, and the second read, like the first reader's re-read of p. 23, found that the 25/26 column is the total of both plants."
nrdppt_s202526_other_waste_processed_ras2526,sp_cocal_narandiba_paraguacu,safra,2025/26,2025-04,2026-03,other_waste_processed,41700,t,cocal_ras_2025_26,19,"OUTROS RESÍDUOS | INDUSTRIAIS E URBANOS | 25/26: 41,7 mil t",V,llm_corrected,"Flow chart 'Fluxo produtivo do biometano' (p. 19). The 25/26 column is the total of Cocal's two biogas plants, Narandiba and Paraguaçu Paulista: p. 23 gives the same 10.6 M Nm3 of biomethane for 'as duas unidades', and Paraguaçu started in safra 2025/26 (RAS 2024/25 p. 32). ANP shows no processed biogas for Paraguaçu before May 2026 (docs/21 C41). Period 1 Apr 2025-31 Mar 2026 (p. 4). Second read: value confirmed; the first read keyed this row to Narandiba alone, and the second read, like the first reader's re-read of p. 23, found that the 25/26 column is the total of both plants."
nrdppt_s202526_cattle_manure_processed_ras2526,sp_cocal_narandiba_paraguacu,safra,2025/26,2025-04,2026-03,cattle_manure_processed,0,t,cocal_ras_2025_26,19,"ESTERCO BOVINO | 25/26: 0,0 t",V,llm_double_read,"Flow chart 'Fluxo produtivo do biometano' (p. 19). The 25/26 column is the total of Cocal's two biogas plants, Narandiba and Paraguaçu Paulista: p. 23 gives the same 10.6 M Nm3 of biomethane for 'as duas unidades', and Paraguaçu started in safra 2025/26 (RAS 2024/25 p. 32). ANP shows no processed biogas for Paraguaçu before May 2026 (docs/21 C41). Period 1 Apr 2025-31 Mar 2026 (p. 4). A zero total is zero at each plant."
nrdppt_s202526_chicken_manure_processed_ras2526,sp_cocal_narandiba_paraguacu,safra,2025/26,2025-04,2026-03,chicken_manure_processed,4000,t,cocal_ras_2025_26,19,"ESTERCO DE GALINHA | 25/26: 4,0 mil t",V,llm_corrected,"Flow chart 'Fluxo produtivo do biometano' (p. 19). The 25/26 column is the total of Cocal's two biogas plants, Narandiba and Paraguaçu Paulista: p. 23 gives the same 10.6 M Nm3 of biomethane for 'as duas unidades', and Paraguaçu started in safra 2025/26 (RAS 2024/25 p. 32). ANP shows no processed biogas for Paraguaçu before May 2026 (docs/21 C41). Period 1 Apr 2025-31 Mar 2026 (p. 4). Second read: value confirmed; the first read keyed this row to Narandiba alone, and the second read, like the first reader's re-read of p. 23, found that the 25/26 column is the total of both plants. Paraguaçu adds 'esterco' and 'efluentes' from the neighbouring poultry farm (Granja Shida, p. 20)."
nrdppt_s202526_biogas_flared_ras2526,sp_cocal_narandiba_paraguacu,safra,2025/26,2025-04,2026-03,biogas_flared,5900000,Nm3,cocal_ras_2025_26,19,"FLARE* | 25/26: 5,9 milhões de Nm3",S,llm_corrected,"Flow chart 'Fluxo produtivo do biometano' (p. 19). The 25/26 column is the total of Cocal's two biogas plants, Narandiba and Paraguaçu Paulista: p. 23 gives the same 10.6 M Nm3 of biomethane for 'as duas unidades', and Paraguaçu started in safra 2025/26 (RAS 2024/25 p. 32). ANP shows no processed biogas for Paraguaçu before May 2026 (docs/21 C41). Period 1 Apr 2025-31 Mar 2026 (p. 4). Two 'FLARE*' boxes on the page; this one is assigned by mass balance (biogas 12.8 + 12.6 + 2.2 = 27.7; biomethane outputs 4.9 + 1.5 + 0.6 + 1.0 + 0.1 = 8.1; same closure for 25/26). Check against the PDF. Second read: value confirmed; the first read keyed this row to Narandiba alone, and the second read, like the first reader's re-read of p. 23, found that the 25/26 column is the total of both plants."
nrdppt_s202526_biomethane_flared_ras2526,sp_cocal_narandiba_paraguacu,safra,2025/26,2025-04,2026-03,biomethane_flared,400000,Nm3,cocal_ras_2025_26,19,"25/26: 0,4 milhão de Nm3",S,llm_corrected,"Flow chart 'Fluxo produtivo do biometano' (p. 19). The 25/26 column is the total of Cocal's two biogas plants, Narandiba and Paraguaçu Paulista: p. 23 gives the same 10.6 M Nm3 of biomethane for 'as duas unidades', and Paraguaçu started in safra 2025/26 (RAS 2024/25 p. 32). ANP shows no processed biogas for Paraguaçu before May 2026 (docs/21 C41). Period 1 Apr 2025-31 Mar 2026 (p. 4). Two 'FLARE*' boxes on the page; this one is assigned by mass balance (biogas 12.8 + 12.6 + 2.2 = 27.7; biomethane outputs 4.9 + 1.5 + 0.6 + 1.0 + 0.1 = 8.1; same closure for 25/26). Check against the PDF. Second read: value confirmed; the first read keyed this row to Narandiba alone, and the second read, like the first reader's re-read of p. 23, found that the 25/26 column is the total of both plants."
nrdppt_s202526_biogas_to_upgrading_ras2526,sp_cocal_narandiba_paraguacu,safra,2025/26,2025-04,2026-03,biogas_to_upgrading,17600000,Nm3,cocal_ras_2025_26,19,"25/26: 17,6 milhões Nm3",S,llm_corrected,"Flow chart 'Fluxo produtivo do biometano' (p. 19). The 25/26 column is the total of Cocal's two biogas plants, Narandiba and Paraguaçu Paulista: p. 23 gives the same 10.6 M Nm3 of biomethane for 'as duas unidades', and Paraguaçu started in safra 2025/26 (RAS 2024/25 p. 32). ANP shows no processed biogas for Paraguaçu before May 2026 (docs/21 C41). Period 1 Apr 2025-31 Mar 2026 (p. 4). Flow box without a label in the text; assigned by mass balance: biomethane 10.6 cannot come from 9.2 of biogas in 25/26, so the 12.8/17.6 pair feeds upgrading and the 12.6/9.2 pair feeds power. Check against the PDF. Second read: value confirmed; the first read keyed this row to Narandiba alone, and the second read, like the first reader's re-read of p. 23, found that the 25/26 column is the total of both plants. Includes Paraguaçu: Paraguaçu sends its whole output to biomethane ('voltada integralmente à fabricação de biometano', p. 10; 'direciona o volume integral de sua produção à fabricação de biometano', p. 20)."
nrdppt_s202526_biogas_to_power_ras2526,sp_cocal_narandiba_paraguacu,safra,2025/26,2025-04,2026-03,biogas_to_power,9200000,Nm3,cocal_ras_2025_26,19,"25/26: 9,2 milhões Nm3",S,llm_corrected,"Flow chart 'Fluxo produtivo do biometano' (p. 19). The 25/26 column is the total of Cocal's two biogas plants, Narandiba and Paraguaçu Paulista: p. 23 gives the same 10.6 M Nm3 of biomethane for 'as duas unidades', and Paraguaçu started in safra 2025/26 (RAS 2024/25 p. 32). ANP shows no processed biogas for Paraguaçu before May 2026 (docs/21 C41). Period 1 Apr 2025-31 Mar 2026 (p. 4). Flow box without a label in the text; assigned by mass balance: biomethane 10.6 cannot come from 9.2 of biogas in 25/26, so the 12.8/17.6 pair feeds upgrading and the 12.6/9.2 pair feeds power. Check against the PDF. Second read: value confirmed; the first read keyed this row to Narandiba alone, and the second read, like the first reader's re-read of p. 23, found that the 25/26 column is the total of both plants. Probably all Narandiba: Paraguaçu sends its whole output to biomethane ('voltada integralmente à fabricação de biometano', p. 10; 'direciona o volume integral de sua produção à fabricação de biometano', p. 20); no page says so."
nrdppt_s202526_biomethane_to_road_ras2526,sp_cocal_narandiba_paraguacu,safra,2025/26,2025-04,2026-03,biomethane_to_road,4900000,Nm3,cocal_ras_2025_26,19,"BIOMETANO (VIA TRANSPORTE RODOVIÁRIO) | 25/26: 4,9 milhões de Nm³",V,llm_corrected,"Flow chart 'Fluxo produtivo do biometano' (p. 19). The 25/26 column is the total of Cocal's two biogas plants, Narandiba and Paraguaçu Paulista: p. 23 gives the same 10.6 M Nm3 of biomethane for 'as duas unidades', and Paraguaçu started in safra 2025/26 (RAS 2024/25 p. 32). ANP shows no processed biogas for Paraguaçu before May 2026 (docs/21 C41). Period 1 Apr 2025-31 Mar 2026 (p. 4). Second read: value confirmed; the first read keyed this row to Narandiba alone, and the second read, like the first reader's re-read of p. 23, found that the 25/26 column is the total of both plants."
nrdppt_s202526_biomethane_to_fleet_ras2526,sp_cocal_narandiba_paraguacu,safra,2025/26,2025-04,2026-03,biomethane_to_fleet,3100000,Nm3,cocal_ras_2025_26,19,"FROTA | 25/26: 3,1 milhões de Nm³",V,llm_corrected,"Flow chart 'Fluxo produtivo do biometano' (p. 19). The 25/26 column is the total of Cocal's two biogas plants, Narandiba and Paraguaçu Paulista: p. 23 gives the same 10.6 M Nm3 of biomethane for 'as duas unidades', and Paraguaçu started in safra 2025/26 (RAS 2024/25 p. 32). ANP shows no processed biogas for Paraguaçu before May 2026 (docs/21 C41). Period 1 Apr 2025-31 Mar 2026 (p. 4). Second read: value confirmed; the first read keyed this row to Narandiba alone, and the second read, like the first reader's re-read of p. 23, found that the 25/26 column is the total of both plants."
nrdppt_s202526_biomethane_to_industrial_use_ras2526,sp_cocal_narandiba_paraguacu,safra,2025/26,2025-04,2026-03,biomethane_to_industrial_use,200000,Nm3,cocal_ras_2025_26,19,"CONSUMO INDUSTRIAL | 25/26: 0,2 milhão de Nm³",V,llm_corrected,"Flow chart 'Fluxo produtivo do biometano' (p. 19). The 25/26 column is the total of Cocal's two biogas plants, Narandiba and Paraguaçu Paulista: p. 23 gives the same 10.6 M Nm3 of biomethane for 'as duas unidades', and Paraguaçu started in safra 2025/26 (RAS 2024/25 p. 32). ANP shows no processed biogas for Paraguaçu before May 2026 (docs/21 C41). Period 1 Apr 2025-31 Mar 2026 (p. 4). Second read: value confirmed; the first read keyed this row to Narandiba alone, and the second read, like the first reader's re-read of p. 23, found that the 25/26 column is the total of both plants."
nrdppt_s202526_biomethane_to_pipeline_ras2526,sp_cocal_narandiba_paraguacu,safra,2025/26,2025-04,2026-03,biomethane_to_pipeline,2000000,Nm3,cocal_ras_2025_26,19,"BIOMETANO (VIA GASODUTO) | 25/26: 2,0 milhões de Nm³",V,llm_corrected,"Flow chart 'Fluxo produtivo do biometano' (p. 19). The 25/26 column is the total of Cocal's two biogas plants, Narandiba and Paraguaçu Paulista: p. 23 gives the same 10.6 M Nm3 of biomethane for 'as duas unidades', and Paraguaçu started in safra 2025/26 (RAS 2024/25 p. 32). ANP shows no processed biogas for Paraguaçu before May 2026 (docs/21 C41). Period 1 Apr 2025-31 Mar 2026 (p. 4). Second read: value confirmed; the first read keyed this row to Narandiba alone, and the second read, like the first reader's re-read of p. 23, found that the 25/26 column is the total of both plants. Probably all Narandiba: the only pipeline is the isolated GasBrasiliano line built for the Narandiba plant (RAS 2022/23 p. 52; 'um gasoduto isolado', RAS 2025/26 p. 15), and the Paraguaçu page (p. 20) names only trucks ('carretas'); no page says so."
nrdppt_s202526_electricity_distributed_generation_ras2526,sp_cocal_narandiba_paraguacu,safra,2025/26,2025-04,2026-03,electricity_distributed_generation,17800,MWh,cocal_ras_2025_26,19,"GERAÇÃO DISTRIBUÍDA (ENERGIA) | 25/26: 17,8 mil MWh",V,llm_corrected,"Flow chart 'Fluxo produtivo do biometano' (p. 19). The 25/26 column is the total of Cocal's two biogas plants, Narandiba and Paraguaçu Paulista: p. 23 gives the same 10.6 M Nm3 of biomethane for 'as duas unidades', and Paraguaçu started in safra 2025/26 (RAS 2024/25 p. 32). ANP shows no processed biogas for Paraguaçu before May 2026 (docs/21 C41). Period 1 Apr 2025-31 Mar 2026 (p. 4). Second read: value confirmed; the first read keyed this row to Narandiba alone, and the second read, like the first reader's re-read of p. 23, found that the 25/26 column is the total of both plants. Probably all Narandiba: the one biogas power unit is the 'central de cogeração anexa à planta de biogás' (p. 15; RAS 2023/24 p. 13, when Narandiba was the only plant), and Paraguaçu sends its whole output to biomethane ('voltada integralmente à fabricação de biometano', p. 10; 'direciona o volume integral de sua produção à fabricação de biometano', p. 20); no page says so."
nrdppt_s202526_biofertiliser_ras2526,sp_cocal_narandiba_paraguacu,safra,2025/26,2025-04,2026-03,biofertiliser,22900,t,cocal_ras_2025_26,19,"BIOFERTILIZANTES | 25/26: 22,9 mil t",V,llm_corrected,"Flow chart 'Fluxo produtivo do biometano' (p. 19). The 25/26 column is the total of Cocal's two biogas plants, Narandiba and Paraguaçu Paulista: p. 23 gives the same 10.6 M Nm3 of biomethane for 'as duas unidades', and Paraguaçu started in safra 2025/26 (RAS 2024/25 p. 32). ANP shows no processed biogas for Paraguaçu before May 2026 (docs/21 C41). Period 1 Apr 2025-31 Mar 2026 (p. 4). Second read: value confirmed; the first read keyed this row to Narandiba alone, and the second read, like the first reader's re-read of p. 23, found that the 25/26 column is the total of both plants."
nrdppt_s202526_biomethane_produced_ras2526_p23,sp_cocal_narandiba_paraguacu,safra,2025/26,2025-04,2026-03,biomethane_produced,10600000,Nm3,cocal_ras_2025_26,23,"A entrada em operação da planta de | Paraguaçu Paulista impulsionou a entrega desse combustível | renovável. Juntas, as duas unidades da Cocal atingiram o volume | recorde de produção de 10,6 milhões de Nm3 de biometano.",V,llm_double_read,"Industrial performance text, safra 2025/26: the biomethane total is stated for both plants. The biogas sentence follows in the same paragraph, so its scope is read as the same two plants. Period 1 Apr 2025-31 Mar 2026 (p. 4). Second read: its scope finding quotes the same p. 23 sentences, with 10.6 and 32.7 for 'as duas unidades'. RAS 2025/26 p. 25 repeats both values in its 22/23-25/26 chart."
nrdppt_s202526_biogas_produced_ras2526_p23,sp_cocal_narandiba_paraguacu,safra,2025/26,2025-04,2026-03,biogas_produced,32700000,Nm3,cocal_ras_2025_26,23,"Juntas, as duas unidades da Cocal atingiram o volume | recorde de produção de 10,6 milhões de Nm3 de biometano. | A produção de biogás alcançou 32,7 milhões de Nm³,",V,llm_double_read,"Industrial performance text, safra 2025/26: the biomethane total is stated for both plants. The biogas sentence follows in the same paragraph, so its scope is read as the same two plants. Period 1 Apr 2025-31 Mar 2026 (p. 4). Second read: its scope finding quotes the same p. 23 sentences, with 10.6 and 32.7 for 'as duas unidades'. RAS 2025/26 p. 25 repeats both values in its 22/23-25/26 chart."
nrd_c2022_filter_cake_processed_geors2223,sp_cocal_narandiba,calendar,2022,2022-01,2022-12,filter_cake_processed,91000,t,geo_rs_2022_23,30,Cocal Performance – Narandiba Unit (SP) in 2022 and 2023: | FILTER CAKE | 91 THOUSAND | 124 THOUSAND,V,llm_double_read,"Infographic 'Cocal Performance – Narandiba Unit (SP) in 2022 and 2023'; years assigned by the layout (2022 left, 2023 right), as the round-2 researcher also read them. Second read: same year assignment; the report covers January 2022 to December 2023 (p. 4)."
nrd_c2022_vinasse_processed_geors2223,sp_cocal_narandiba,calendar,2022,2022-01,2022-12,vinasse_processed,889000,m3,geo_rs_2022_23,30,"Cocal Performance – Narandiba Unit (SP) in 2022 and 2023: | VINASSE | 889 THOUSAND 1,294 THOUSAND",V,llm_double_read,"Infographic 'Cocal Performance – Narandiba Unit (SP) in 2022 and 2023'; years assigned by the layout (2022 left, 2023 right), as the round-2 researcher also read them. Second read: same year assignment; the report covers January 2022 to December 2023 (p. 4)."
nrd_c2022_other_waste_processed_geors2223,sp_cocal_narandiba,calendar,2022,2022-01,2022-12,other_waste_processed,2000,t,geo_rs_2022_23,30,Cocal Performance – Narandiba Unit (SP) in 2022 and 2023: | OTHER WASTE | 2 THOUSAND | 9 THOUSAND,V,llm_double_read,"Infographic 'Cocal Performance – Narandiba Unit (SP) in 2022 and 2023'; years assigned by the layout (2022 left, 2023 right), as the round-2 researcher also read them. Second read: same year assignment; the report covers January 2022 to December 2023 (p. 4). Geo lists no manure, so 'OTHER WASTE' may include the manures that Cocal reports separately: not like-for-like with Cocal's 'Outros resíduos industriais e urbanos'."
nrd_c2022_organogeo_geors2223,sp_cocal_narandiba,calendar,2022,2022-01,2022-12,organogeo,17000,t,geo_rs_2022_23,30,Cocal Performance – Narandiba Unit (SP) in 2022 and 2023: | ORGANOGEO | 17 THOUSAND | 36 THOUSAND,V,llm_double_read,"Infographic 'Cocal Performance – Narandiba Unit (SP) in 2022 and 2023'; years assigned by the layout (2022 left, 2023 right), as the round-2 researcher also read them. Solid organomineral fertiliser from digestate. Second read: same year assignment; the report covers January 2022 to December 2023 (p. 4)."
nrd_c2022_liquifertil_geors2223,sp_cocal_narandiba,calendar,2022,2022-01,2022-12,liquifertil,927000,m3,geo_rs_2022_23,30,"Cocal Performance – Narandiba Unit (SP) in 2022 and 2023: | LIQUIFÉRTIL | 927 THOUSAND | 1,370 | THOUSAND",V,llm_double_read,"Infographic 'Cocal Performance – Narandiba Unit (SP) in 2022 and 2023'; years assigned by the layout (2022 left, 2023 right), as the round-2 researcher also read them. Liquid fertiliser from digestate. Second read: same year assignment; the report covers January 2022 to December 2023 (p. 4)."
nrd_c2022_biogas_produced_geors2223,sp_cocal_narandiba,calendar,2022,2022-01,2022-12,biogas_produced,22000000,Nm3,geo_rs_2022_23,30,Cocal Performance – Narandiba Unit (SP) in 2022 and 2023: | BIOGAS | 22 MILLION | 29 MILLION,V,llm_double_read,"Infographic 'Cocal Performance – Narandiba Unit (SP) in 2022 and 2023'; years assigned by the layout (2022 left, 2023 right), as the round-2 researcher also read them. Second read: same year assignment; the report covers January 2022 to December 2023 (p. 4)."
nrd_c2022_biomethane_produced_geors2223,sp_cocal_narandiba,calendar,2022,2022-01,2022-12,biomethane_produced,3700000,Nm3,geo_rs_2022_23,30,Cocal Performance – Narandiba Unit (SP) in 2022 and 2023: | BIOMETHANE | 3.7 MILLION | 7.5 MILLION,V,llm_double_read,"Infographic 'Cocal Performance – Narandiba Unit (SP) in 2022 and 2023'; years assigned by the layout (2022 left, 2023 right), as the round-2 researcher also read them. Second read: same year assignment; the report covers January 2022 to December 2023 (p. 4)."
nrd_c2022_electricity_generated_geors2223,sp_cocal_narandiba,calendar,2022,2022-01,2022-12,electricity_generated,21000,MWh,geo_rs_2022_23,30,Cocal Performance – Narandiba Unit (SP) in 2022 and 2023: | ELECTRICITY | 21 THOUSAND | 27 THOUSAND,V,llm_double_read,"Infographic 'Cocal Performance – Narandiba Unit (SP) in 2022 and 2023'; years assigned by the layout (2022 left, 2023 right), as the round-2 researcher also read them. Second read: same year assignment; the report covers January 2022 to December 2023 (p. 4). 'ELECTRICITY' does not say whether this is gross generation or electricity delivered."
nrd_c2023_filter_cake_processed_geors2223,sp_cocal_narandiba,calendar,2023,2023-01,2023-12,filter_cake_processed,124000,t,geo_rs_2022_23,30,Cocal Performance – Narandiba Unit (SP) in 2022 and 2023: | FILTER CAKE | 91 THOUSAND | 124 THOUSAND,V,llm_double_read,"Infographic 'Cocal Performance – Narandiba Unit (SP) in 2022 and 2023'; years assigned by the layout (2022 left, 2023 right), as the round-2 researcher also read them. Second read: same year assignment; the report covers January 2022 to December 2023 (p. 4)."
nrd_c2023_vinasse_processed_geors2223,sp_cocal_narandiba,calendar,2023,2023-01,2023-12,vinasse_processed,1294000,m3,geo_rs_2022_23,30,"Cocal Performance – Narandiba Unit (SP) in 2022 and 2023: | VINASSE | 889 THOUSAND 1,294 THOUSAND",V,llm_double_read,"Infographic 'Cocal Performance – Narandiba Unit (SP) in 2022 and 2023'; years assigned by the layout (2022 left, 2023 right), as the round-2 researcher also read them. Second read: same year assignment; the report covers January 2022 to December 2023 (p. 4)."
nrd_c2023_other_waste_processed_geors2223,sp_cocal_narandiba,calendar,2023,2023-01,2023-12,other_waste_processed,9000,t,geo_rs_2022_23,30,Cocal Performance – Narandiba Unit (SP) in 2022 and 2023: | OTHER WASTE | 2 THOUSAND | 9 THOUSAND,V,llm_double_read,"Infographic 'Cocal Performance – Narandiba Unit (SP) in 2022 and 2023'; years assigned by the layout (2022 left, 2023 right), as the round-2 researcher also read them. Second read: same year assignment; the report covers January 2022 to December 2023 (p. 4). Geo lists no manure, so 'OTHER WASTE' may include the manures that Cocal reports separately: not like-for-like with Cocal's 'Outros resíduos industriais e urbanos'."
nrd_c2023_organogeo_geors2223,sp_cocal_narandiba,calendar,2023,2023-01,2023-12,organogeo,36000,t,geo_rs_2022_23,30,Cocal Performance – Narandiba Unit (SP) in 2022 and 2023: | ORGANOGEO | 17 THOUSAND | 36 THOUSAND,V,llm_double_read,"Infographic 'Cocal Performance – Narandiba Unit (SP) in 2022 and 2023'; years assigned by the layout (2022 left, 2023 right), as the round-2 researcher also read them. Solid organomineral fertiliser from digestate. Second read: same year assignment; the report covers January 2022 to December 2023 (p. 4)."
nrd_c2023_liquifertil_geors2223,sp_cocal_narandiba,calendar,2023,2023-01,2023-12,liquifertil,1370000,m3,geo_rs_2022_23,30,"Cocal Performance – Narandiba Unit (SP) in 2022 and 2023: | LIQUIFÉRTIL | 927 THOUSAND | 1,370 | THOUSAND",V,llm_double_read,"Infographic 'Cocal Performance – Narandiba Unit (SP) in 2022 and 2023'; years assigned by the layout (2022 left, 2023 right), as the round-2 researcher also read them. Liquid fertiliser from digestate. Second read: same year assignment; the report covers January 2022 to December 2023 (p. 4)."
nrd_c2023_biogas_produced_geors2223,sp_cocal_narandiba,calendar,2023,2023-01,2023-12,biogas_produced,29000000,Nm3,geo_rs_2022_23,30,Cocal Performance – Narandiba Unit (SP) in 2022 and 2023: | BIOGAS | 22 MILLION | 29 MILLION,V,llm_double_read,"Infographic 'Cocal Performance – Narandiba Unit (SP) in 2022 and 2023'; years assigned by the layout (2022 left, 2023 right), as the round-2 researcher also read them. Second read: same year assignment; the report covers January 2022 to December 2023 (p. 4)."
nrd_c2023_biomethane_produced_geors2223,sp_cocal_narandiba,calendar,2023,2023-01,2023-12,biomethane_produced,7500000,Nm3,geo_rs_2022_23,30,Cocal Performance – Narandiba Unit (SP) in 2022 and 2023: | BIOMETHANE | 3.7 MILLION | 7.5 MILLION,V,llm_double_read,"Infographic 'Cocal Performance – Narandiba Unit (SP) in 2022 and 2023'; years assigned by the layout (2022 left, 2023 right), as the round-2 researcher also read them. Second read: same year assignment; the report covers January 2022 to December 2023 (p. 4)."
nrd_c2023_electricity_generated_geors2223,sp_cocal_narandiba,calendar,2023,2023-01,2023-12,electricity_generated,27000,MWh,geo_rs_2022_23,30,Cocal Performance – Narandiba Unit (SP) in 2022 and 2023: | ELECTRICITY | 21 THOUSAND | 27 THOUSAND,V,llm_double_read,"Infographic 'Cocal Performance – Narandiba Unit (SP) in 2022 and 2023'; years assigned by the layout (2022 left, 2023 right), as the round-2 researcher also read them. Second read: same year assignment; the report covers January 2022 to December 2023 (p. 4). 'ELECTRICITY' does not say whether this is gross generation or electricity delivered."
