qid,digest_date,digest,kind,item,value,unit,basis_date,source_url,digest_flag,our_flag,target,action,status,notes
20261006-01,2026-10-06,radar,parameter,OFMSW biogas yield measured at the IEE/USP plant (São Paulo),120-180,Nm3 biogas per t OFMSW (50-65 % CH4),plant inaugurated 2026-06-30,https://www.agenciasp.sp.gov.br/usina-transforma-residuos-em-energia/,V,S,parameters.csv: new ofmsw_biogas_yield (Phase 1b),"Read the source; add as S when the Phase 1b OFMSW step starts; ask IEE/USP for operating data (feed TS/VS, monthly gas)",open,120-180 x 50-65 % = 60-117 Nm3 CH4/t. The digest's 90-117 m3 biomethane/t (row -02) does not follow at the low end; read the source
20261006-02,2026-10-06,radar,parameter,"OFMSW biomethane yield, IEE/USP plant",90-117,m3 biomethane per t OFMSW (reference conditions not stated),2026,https://www.agenciasp.sp.gov.br/usina-transforma-residuos-em-energia/,V,S,parameters.csv: new ofmsw_biomethane_yield (Phase 1b),Same as -01; record the gas basis (m3 vs Nm3) and the CH4 content of the product,open,See -01
20261006-03,2026-10-06,radar,project,"Usina de Bioenergia e Biofertilizantes IEE/USP, São Paulo SP, OFMSW",25 t/d feed (licence 43.5 t/d); total about R$ 10 M; equipment R$ 3.5 M (TPI),t/d feed; R$ M nominal 2026,inaugurated 2026-06-30,https://www.agenciasp.sp.gov.br/usina-transforma-residuos-em-energia/,V,S,projects_capex.csv: new row,"Merge after reading the source, with capacity_unit = t/d feed. The digest's 2,250-2,925 m3/d is the routine's own derivation (D), not a source value",open,"Funding: IEE own funds + FAPESP, CNPq, P&D Aneel. Pilot scale: keep out of the CAPEX curve fit, like project 19 (Tereos pilot)"
20261006-04,2026-10-06,radar,context,Cocal won LRCAP 2026 with two biomethane plants (Narandiba and Paraguaçu Paulista); 15-year contract from Aug 2028; company says stored vinasse and filter cake allow year-round output,9.2,MW electric (2 plants),LRCAP 2026; supply from 2028-08,https://www.canaonline.com.br/conteudo/cocal-reforca-seu-pioneirismo-no-setor-de-energia-com-o-biometano-no-lrcap-2026.html,S,S,docs/16 §4 revenue stack; docs/21 §2 Q11,Not a projects_capex row: no investment reported and the plants are already projects 3 and 4. Recorded as a revenue route (power under a capacity-reserve contract) and as commercial evidence for strategy S1 (stored cake),done,"The digest's project table dates the source 'CanaOnline, 06/04/2026'; confirm the date"
20261006-05,2026-10-06,radar,context,Cocal Paraguaçu Paulista: poultry manure share of the feed,38,"% of feed (basis not stated: mass, VS or gas?)",n.d.,URL missing (cited from an earlier radar),S,S,docs/10 §3 strategy S2 (calibration reference),Find the source and the basis of the 38 %; useful to bound the manure share in S2,open,
20261006-06,2026-10-06,radar,parameter,"BMP of cattle manure + molasses 90:10 (m/m), solid-state AD (Cisneros de la Cueva et al. 2026, Waste Biomass Valor., doi:10.1007/s12649-026-03540-z)",294.09 (manure alone 0.98),mL CH4 per g VS,published 2026-02,https://link.springer.com/article/10.1007/s12649-026-03540-z,V,S,none,"Not a CSTR parameter: solid-state batch test. Manure alone at 0.98 mL/g VS is far below b0_cattle (130-300 mL/g VS), so it describes the set-up, not manure potential. Kept as a lead for molasses as a storable off-season co-substrate (lab E-series)",hold,
20261006-07,2026-10-06,radar,parameter,EPE NT-EPE-DPG-SDB-2025-08 specific CAPEX (and OPEX R$ 0.150/Nm3),3734.9,"R$ per Nm3/d, R$ of Dec 2024",Dec 2024 prices,https://www.epe.gov.br/sites-pt/publicacoes-dados-abertos/publicacoes/PublicacoesArquivos/publicacao-343/topico-780/NT-EPE-DPG-SDB-2025-08_Investimentos_Custos_O_e_M_Bios_2026-2035.pdf,V,S,"parameters.csv: capex_epe, opex_epe",Verification target 1 (docs/08 §5): record page and quote. The digest labels the value 'sugar-energy biomethane'; our note says 'mix of landfill and agro' (docs/21 C15),open,Price year Dec 2024 is new information for the registry
20261006-08,2026-10-06,radar,source,"IBGE PPM 2025 (released Sep 2026). Brazil: pigs about 44.0 M head; galináceos 1.6 bn (+1.6 %, record); cattle 234.3 M (-1.7 %); milked cows 14.7 M (-2.7 %, lowest since 1979). SP produces 22.5 % of the eggs; Bastos is 2nd municipality (280.1 M dozen)",see item,head; %; dozen,reference year 2025,https://sidra.ibge.gov.br/pesquisa/ppm/quadros/brasil/2025,V,S,sources.yaml ibge_ppm (held 2008-2024),"Re-export SIDRA tables 3939, 74 and 94 for SP municipalities with 2025 from a machine that reaches SIDRA; update sha256 and accessed. National totals are context, not parameters. Separate layers from broilers (N and K load)",open,Informativo: https://biblioteca.ibge.gov.br/visualizacao/periodicos/84/ppm_2025_v53_br_informativo.pdf
20261006-09,2026-10-06,radar,source,"ANP RenovaBio certification panel: Power BI, updated weekly, no declared download; per-unit granularity not explicit",,,checked 2026-10-06,https://www.gov.br/anp/pt-br/centrais-de-conteudo/paineis-dinamicos-da-anp/paineis-dinamicos-do-renovabio/painel-dinamico-de-certificacoes-de-biocombustiveis-renovabio,V,S,sources.yaml anp_renovabio_cert_panel; docs/07 R9,Status get -> lai; LAI R9 drafted in docs/07; file it with R1 and R2,open,
20261006-10,2026-10-06,radar,regulation,MME CP 232/2026: RenovaBio targets 2027-2036; -12.1 % carbon intensity of the fuel matrix by 2036 (2018 base); annual CBIO targets in the supporting spreadsheets; contributions until 2026-10-29,12.1,"% reduction of carbon intensity, 2036 vs 2018",opened 2026-09-15,https://www.gov.br/mme/pt-br/assuntos/noticias/mme-abre-consulta-publica-sobre-metas-do-renovabio-para-o-periodo-de-2027-a-2036,V,S,docs/16 §1 and §6; sources.yaml reg_mme_cp_232_2026,"Download the spreadsheets (AIR, modelling, CBIO issuance projections) to set the CBIO scenario range. The '74 M CBIO in 2036' figure is press-only: check it in the spreadsheets",open,Already in research_notes/R10 as S (press); now confirmed on the MME page by the routine
20261006-11,2026-10-06,radar,market_price,"Comgás industrial gas cost (custo-base), from 2026-09-10",2.629087,"R$ per m3, excluding taxes",2026-09-10,https://www.agenciasp.sp.gov.br/arsesp-mantem-tarifas-de-gas-para-residenciais-e-comerciais-e-atualiza-valores-para-os-demais-segmentos/,S,S,docs/16 §3,Added to the price snapshot; read the ARSESP deliberation (source arsesp_tarifas) for the m3 basis,open,
20261006-12,2026-10-06,radar,market_price,"Necta industrial gas cost (custo-base), from 2026-09-10",2.370058,"R$ per m3, excluding taxes",2026-09-10,https://www.agenciasp.sp.gov.br/arsesp-mantem-tarifas-de-gas-para-residenciais-e-comerciais-e-atualiza-valores-para-os-demais-segmentos/,S,S,docs/16 §3,As -11,open,
20261006-13,2026-10-06,radar,market_price,"Diesel S10 retail price, national average (ANP weekly survey, via press)",7.35,"R$ per L, retail",2026-09-27 to 2026-10-03,URL missing (digest cites 'ANP via imprensa'),S,S,docs/16 §3,"Added to the snapshot as a retail value. price_diesel (6.30, distribution, Jul 2026) is a different basis: do not replace it",open,Source series: anp_precos_combustiveis
20261006-14,2026-10-06,radar,market_price,"CBIO, B3 monthly average",25.12,R$ per CBIO,Jul 2026,URL missing (digest cites BiodieselBR),S,S,parameters.csv price_cbio,Consistent with price_cbio = 25 (Jul 2026). No change,done,No Aug-Sep 2026 value found by the routine
20261006-15,2026-10-06,radar,context,"Sabesp: biogas at three RMSP sewage plants (Barueri 100,000 Nm3/d); Franca pilot since 2018 (about 3,000 m3/d biogas)",150000,"Nm3/d biogas, planned",announced 2024-05-03; no 2026 update,https://infraroi.com.br/sabesp-vai-aumentar-producao-de-biogas-em-etes/,S,S,docs/09 Step 7 (sludge); docs/07 R6,Phase 1b: cross-check with the LAI R6 answer,hold,"Supply is concentrated in the RMSP, far from the mills"
20261006-16,2026-10-06,radar; biogas_br,context,"TransJordano Green Corridor: 100 biomethane trucks on Ribeirão Preto-Sumaré-Cubatão with open-access fuelling stations (Scania, Ultragaz, GarageLog); BNDES R$ 140 M = R$ 98 M Fundo Clima + R$ 42 M machinery line; launch 2026-10-07 in Sumaré, first 10 trucks 2026-10-08, Ribeirão Preto in Nov, Cubatão in Dec; claimed 6,486 tCO2e/yr avoided (-96 % vs diesel)",140,R$ M BNDES financing,2026-10-05,https://clickpetroleoegas.com.br/r-140-milhoes-100-caminhoes-e-1-150-km-de-alcance-novo-corredor-verde-comeca-em-sao-paulo-com-biometano-no-lugar-do-diesel-e-postos-abertos-a-outras-transportadoras-fpsv,S,S,docs/12 Step 4; docs/16 §2,Add the corridor stations as candidate fleet/CNG offtake points once their addresses are published,open,"Also https://www.udop.com.br/noticia/2026/4/22/bndes-aprova-r-140-mi-para-transjordano-implantar-corredor-verde-com-caminhoes-a-biometano-em-sao-paulo. A demand anchor, not a production project"
20261006-17,2026-10-06,radar,method,"OptBio: two-stage stochastic MILP with CVaR for investment and operation of sugarcane biorefineries (sugar/ethanol, power, biomethane, H2, SAF, biochar); piecewise-linear economies of scale; open Julia code. Monteiro, Fanzeres, Kelman, Sampaio, Gaspar, Bacellar, Garcia, arXiv:2603.06823 (Mar 2026)",,,2026-03,https://arxiv.org/html/2603.06823,V,S,docs/12 Step 5; docs/23,Read the formulation before writing the Phase 4 MILP,open,
20261006-18,2026-10-06,radar,method,"Carvalho, R.A.; Torres, J.L.R. et al. (2026), Smart Agricultural Technology, doi:10.1016/j.atech.2026.102464: Sentinel-2 and ALOS/PALSAR-2 cane yield prediction depends on image date (NDVI vegetative stage explains 60.3 % of yield variance; ATR best with red-edge before harvest)",,,2026,https://bioengineer.org/when-satellites-look-matters-phenology-drives-sugarcane-yield-prediction-in-brazil/,S,S,docs/23 (Phase 1b Sentinel-2),Confirm title and DOI before citing,hold,Exact title not confirmed by the routine; 98.1 ha in Campo Florido-MG
20261006-19,2026-10-06,radar,method,"Acid pre-treatment of waste activated sludge and BMP of its co-digestion with sugarcane vinasse, Bioresource Technology Reports (2026), PII S2589014X26003750",,,2026,https://www.sciencedirect.com/science/article/pii/S2589014X26003750,S,S,docs/23 lead,"Authors, DOI and results not seen; open from a UNICAMP network",hold,
20261006-20,2026-10-06,radar,source,EBA Biomethane Investment Outlook 2026: EUR 36 bn committed (EUR 28 bn in the previous edition) for about +9 bcm/yr of capacity by 2030,36,EUR bn committed,published 2026-07-01,https://www.europeanbiogas.eu/publication/eba-biomethane-investment-outlook-2026/,V,S,sources.yaml intl_eu_eba_investment_outlook_2026; docs/15 EU,Download the PDF. The digest's 'about EUR 4 bn per bcm/yr' is the routine's own derivation: recompute from the PDF before using it as a prior,open,
20261006-21,2026-10-06,radar,regulation,ANP public hearing on Gas Release (gas market opening; grid access),,,2026-10-21,https://clickpetroleoegas.com.br/biometano-tenta-entrar-de-vez-na-rede-de-gas-brasileira-enquanto-anp-redesenha-tarifas-e-acesso-a-infraestrutura-para-2027-fpsv/,S,S,docs/16 §6,Follow the outcome for grid-access assumptions,watch,
20261006-22,2026-10-06,radar,regulation,"CBPMESP public consultation on IT-29 (natural gas and biomethane: trade, distribution, use and production)",,,closes 2026-10-10,https://diariodotransporte.com.br/2026/09/10/bombeiros-de-sao-paulo-abrem-consulta-publica-para-revisar-instrucao-de-comercializacao-distribuicao-utilizacao-e-producao-de-gas-natural-e-biometano/,S,S,docs/16 §6; docs/12 Step 2,"Check whether the revised IT-29 sets separation distances for biomethane production; if so, add them as an exclusion buffer",watch,
20261006-23,2026-10-06,radar,project,"Usina 1 Cerqueira César (Gás da Fazenda), SP: REIDI enquadramento, Portaria 225/2026",,,2026,https://www.gov.br/mme/pt-br/assuntos/secretarias/petroleo-gas-natural-e-biocombustiveis/reidi/2026,S,S,registry/staging projects,Read the portaria for capacity and investment (REIDI portarias pair the two; registry/staging/README.md),open,SP project; no numbers in the digest
20261006-24,2026-10-06,arquivo,context,"CP2B is FAPESP CCD grant 24/01112-1 (2025-02-01 to 2030-01-31), hosted at NIPE",24/01112-1,FAPESP process number,2025-02-01 to 2030-01-31,https://bv.fapesp.br/en/bolsas/229607/,V,S,docs/07 LAI template,Filled the 'projeto FAPESP [nº]' placeholder; confirm with the coordinator before filing,done,The BV page cited is a fellowship linked to 24/01112-1; the grant's own BV page returned 403 to the routine
20261006-25,2026-10-06,arquivo,context,CP2B team includes researchers at IEE-USP and EESC-USP (CP2B team page and NIPE profiles),,,2026-10-06,http://nipe.unicamp.br/cp2b/sobre/equipe/,V,S,research_notes/digests/2026-10-06.md,Route the IEE/USP OFMSW plant data request (-01 to -03) through the CP2B member at IEE-USP,open,
20261006-26,2026-10-06,arquivo,context,"FAPESP IC fellowship 26/00494-3 'CP2B Biogas Atlas' (2026-02-01 to 2027-01-31), linked to 24/01112-1",,,2026,https://bv.fapesp.br/en/bolsas/235960/,V,S,docs/18 (overlap with PILAR-2b and the supply layer),"Ask what the Atlas covers, to avoid two supply layers for the same municipalities",open,
20261006-27,2026-10-06,radar; biogas_br,context,"R$ 289 bn of registered biofuel projects under the Combustível do Futuro law (no biomethane split; registered, not invested); EPE estimate > R$ 110 bn needed to 2035",289,R$ bn registered,2026-10-05,https://clickpetroleoegas.com.br/brasil-acumula-r-289-bilhoes-em-projetos-de-biocombustiveis-enquanto-saf-biometano-e-etanol-abrem-uma-nova-frente-industrial-vml97,S,S,none,No engine use: no biomethane split and not invested capital,rejected,
