source_id,n_files,size_bytes,sha256_tree
aneel_biogas_gd,3,206976,bd330f40d18a37ce20a32aa65a57b235a4af97d99bce3fb7824e2d6ff26b97cf
anp_biomethane_open_data_2026_04,2,72857,f5580201f0ca526250fc466d83337a50301d3ca534b9a916e415936be41476a2
anp_biomethane_plants,6,142547,399545cb291100989c52d7ab839ab3e4a399dbd231b8e824ef7f43d76fb002d6
anp_mapa_ethanol_biodiesel_plants,2,86531,ceb622abf75ee43b205900d87adab502cd35742d4019bfcdc3886f72b28767f3
cetesb_ictem_2023,1,20709494,ed47cd1039a8fd0673ecca3656680eb41cbd175d90cf53ec81e4c89f84ab2855
conab_cane_series_costs,3,598686,2efcad49991c3cccef8a5d469b0ca69781b9004ac9608963804acc10c917ce10
conab_mills_2025,1,19022,6d5bcd2d633537c6f84b8fe5979acbfde008b62f6ae91fe8f5712b9a58d39579
cp2b_gee_exports,23,15689583,0df9001e35dfae51a0394815e3d4a7750de4e957bb1fd67cf8960da4ed95f20e
cp2b_project_map,110,112737676,703b61f3357066778cbcfc6da5fbebe5a9285e623dddb267eefd316c075ae3e9
cp2b_redu_v2,29,1586030,5211d531d432e38d2767628ad7e4c3b9bf832be7ed6d1b410374f5bd8786c475
cp2b_results_sicar,17,111102078,a582d56b7461990c4edda4382107f41511315ddbad39acc3c40bd717ccaa2620
ibge_censo_2022_pop_sp,1,29001,4d19a077bcf74bf249a15fd9fea1f5d21ecd15845076e29c4ac82fcc7e9377a4
ibge_malha_municipal_sp_2025,7,21218823,203311ac80b21cf199f737c96117049df957e2226bfdeb7e0f02f0e8820de5af
ibge_pam_seade,19,88285099,a289f729f1b40c7be514d9f00236db2ba21a14baff6b62a73f163241150f333c
lapig_pasture_vigor_col9,16,36638778,97a24bfbbdfd5bfc8ae601b46c1b54cb5410bdd4bf41b37f4fc7a60f5163d42c
mapbiomas_agropecuaria_sp_2024,2,13495926,0cd983c6a306e0e525cec2a1a0d7a6bfb46c26855e17822243c4385ea86a2b72
mapbiomas_col10_municipal,2,62932638,e2f73e91b01101cf9935a7549e69ed1b5ccf469ab5011d9cf7841383b51e5c40
mapbiomas_infra,120,104959316,a9597dc364e4d36ba3eb6a486c4495af451f9d3035a0a7374add75920e0e7c55
pilar2b_canonical_parameters,14,591303,3abbfbbe3fb90579432d4ef4e239744d19a82f36520c135d4d458232f08a7782
pilar2b_fde,2,81693,ef9c0c137d03ede8b8034c5ce6613b30e9b6172cab9eb217de0e6662f4081ad6
pilar2b_residue_streams_sp,5,1875372,1b5b66c37f141285bd50861371e4010f6a19ff90128ae8847220cb9eb50f456a
seade_geo_ambiente_transporte,14,10889454,a5561843d6af38b71fbcb42d340bb68a9f79b1d798d38b086e6d94ec6fed867e
