Mês/Ano,Razão Social,CNPJ,Região,Estado,Município,Capacidade Autorizada de Produção de Biometano (m³/d),Capacidade Processamento de Biogás(m³/d),Volume Processado de Biogás (m³/d),Volume Processado/Capacidade (%) 
08/2026,ADECOAGRO VALE DO IVINHEMA S.A.,07903169001768,CENTRO OESTE,Mato Grosso do Sul,IVINHEMA,"8000,00",12000,"0,000",0
08/2026,GÁS VERDE S.A.,11131464000587,SUDESTE,Rio de Janeiro,SEROPEDICA,"204000,00",480000,"411770,000",86
08/2026,GEO ELÉTRICA TAMBOARA BIOENERGIA LTDA,12415018000214,SUL,Paraná,TAMBOARA,"40000,00",86880,"0,000",0
08/2026,COCAL ENERGIA S.A.,14788495000170,SUDESTE,São Paulo,NARANDIBA,"27112,00",51600,"11596,000",22
08/2026,GNR DOIS ARCOS VALORIZAÇÃO DE BIOGÁS LTDA.,17173460000203,SUDESTE,Rio de Janeiro,SAO PEDRO DA ALDEIA,"18480,00",36000,"32,000",0
08/2026,ENGEP AMBIENTAL LTDA,17354555000215,SUDESTE,São Paulo,JAMBEIRO,"30000,00",84000,"21889,000",26
08/2026,GNR FORTALEZA VALORIZAÇÃO DE BIOGÁS LTDA.,20287659000188,NORDESTE,Ceará,CAUCAIA,"110000,00",300000,"83825,000",28
08/2026,AGRIC ADUBOS E GESTÃODE RESÍDUOS INDUSTRIAIS E COMERCIAIS S.A.,28260261000240,SUL,Santa Catarina,CAMPOS NOVOS,"31440,00",48000,"5145,000",11
08/2026,SPE CENTRAL DE TRATAMENTO INTEGRADO RESÍDUO ZERO LTDA,35536099000125,SUL,Rio Grande do Sul,TRIUNFO,"36000,00",60000,"50,000",0
08/2026,CRI GEO BIOGAS S.A.,38615333000106,SUDESTE,São Paulo,ELIAS FAUSTO,"23694,00",60629,"0,000",0
08/2026,METAGÁS BIOGÁS E ENERGIA S.A,43943079000105,SUDESTE,São Paulo,SAO PAULO,"30000,00",60000,"32999,000",55
08/2026,COCAL ENERGIA PPT PARTICIPAÇÕES LTDA,44191268000123,SUDESTE,São Paulo,PARAGUACU PAULISTA,"60000,00",127200,"30144,000",24
08/2026,RAÍZEN-GEO BIOGÁS COSTA PINTO LTDA.,45281972000130,SUDESTE,São Paulo,PIRACICABA,"130368,00",230016,"118460,000",52
08/2026,ZEG BIOGÁS AROEIRA SPE LTDA.,46569957000154,SUDESTE,Minas Gerais,TUPACIGUARA,"16912,00",30626,"9968,000",33
08/2026,SCBIO ENERGIAS RENOVÁVEIS SPE LTDA.,47290256000225,SUL,Santa Catarina,CAMPOS NOVOS,"16000,00",28800,"0,000",0
08/2026,BIOMETANO SUL S.A.,47360931000164,SUL,Rio Grande do Sul,MINAS DO LEAO,"64848,00",132000,"34137,000",26
08/2026,ESSENCIS BIOMETANO S.A.,48119972000126,SUDESTE,São Paulo,CAIEIRAS,"67200,00",139680,"71485,000",51
08/2026,ORIZON BIOMETANO JABOATÃO DOS GUARARAPES LIMITADA,49909303000110,NORDESTE,Pernambuco,JABOATAO DOS GUARARAPES,"108931,00",240000,"84439,000",35
08/2026,BIOMETANO VERDE PAULINIA S.A.,50365355000152,SUDESTE,São Paulo,PAULINIA,"225840,00",480000,"242,000",0
08/2026,BIOMETANO SANTA CRUZ LTDA.,51447607000155,SUDESTE,São Paulo,AMERICO BRASILIENSE,"82575,00",152440,"68,000",0
08/2026,BIOMETANO SÃO LEOPOLDO S.A.,53291355000143,SUL,Rio Grande do Sul,SAO LEOPOLDO,"36744,00",67200,"22223,000",33
07/2026,ADECOAGRO VALE DO IVINHEMA S.A.,07903169001768,CENTRO OESTE,Mato Grosso do Sul,IVINHEMA,"8000,00",12000,"0,000",0
07/2026,GÁS VERDE S.A.,11131464000587,SUDESTE,Rio de Janeiro,SEROPEDICA,"204000,00",480000,"395020,000",82
07/2026,GEO ELÉTRICA TAMBOARA BIOENERGIA LTDA,12415018000214,SUL,Paraná,TAMBOARA,"40000,00",86880,"24472,000",28
07/2026,COCAL ENERGIA S.A.,14788495000170,SUDESTE,São Paulo,NARANDIBA,"27112,00",51600,"12902,000",25
07/2026,GNR DOIS ARCOS VALORIZAÇÃO DE BIOGÁS LTDA.,17173460000203,SUDESTE,Rio de Janeiro,SAO PEDRO DA ALDEIA,"18480,00",36000,"31,000",0
07/2026,ENGEP AMBIENTAL LTDA,17354555000215,SUDESTE,São Paulo,JAMBEIRO,"30000,00",84000,"17079,000",20
07/2026,GNR FORTALEZA VALORIZAÇÃO DE BIOGÁS LTDA.,20287659000188,NORDESTE,Ceará,CAUCAIA,"110000,00",300000,"159338,000",53
07/2026,AGRIC ADUBOS E GESTÃODE RESÍDUOS INDUSTRIAIS E COMERCIAIS S.A.,28260261000240,SUL,Santa Catarina,CAMPOS NOVOS,"31440,00",48000,"4712,000",10
07/2026,SPE CENTRAL DE TRATAMENTO INTEGRADO RESÍDUO ZERO LTDA,35536099000125,SUL,Rio Grande do Sul,TRIUNFO,"36000,00",60000,"60151,000",100
07/2026,CRI GEO BIOGAS S.A.,38615333000106,SUDESTE,São Paulo,ELIAS FAUSTO,"23694,00",60629,"17421,000",29
07/2026,METAGÁS BIOGÁS E ENERGIA S.A,43943079000105,SUDESTE,São Paulo,SAO PAULO,"30000,00",60000,"31901,000",53
07/2026,COCAL ENERGIA PPT PARTICIPAÇÕES LTDA,44191268000123,SUDESTE,São Paulo,PARAGUACU PAULISTA,"60000,00",127200,"6135,000",5
07/2026,RAÍZEN-GEO BIOGÁS COSTA PINTO LTDA.,45281972000130,SUDESTE,São Paulo,PIRACICABA,"130368,00",230016,"114695,000",50
07/2026,ZEG BIOGÁS AROEIRA SPE LTDA.,46569957000154,SUDESTE,Minas Gerais,TUPACIGUARA,"16912,00",30626,"7182,000",23
07/2026,SCBIO ENERGIAS RENOVÁVEIS SPE LTDA.,47290256000225,SUL,Santa Catarina,CAMPOS NOVOS,"16000,00",28800,"0,000",0
07/2026,BIOMETANO SUL S.A.,47360931000164,SUL,Rio Grande do Sul,MINAS DO LEAO,"64848,00",132000,"36203,000",27
07/2026,ESSENCIS BIOMETANO S.A.,48119972000126,SUDESTE,São Paulo,CAIEIRAS,"67200,00",139680,"76360,000",55
07/2026,ORIZON BIOMETANO JABOATÃO DOS GUARARAPES LIMITADA,49909303000110,NORDESTE,Pernambuco,JABOATAO DOS GUARARAPES,"108931,00",240000,"77925,000",32
07/2026,BIOMETANO VERDE PAULINIA S.A.,50365355000152,SUDESTE,São Paulo,PAULINIA,"225840,00",480000,"274,000",0
07/2026,BIOMETANO SANTA CRUZ LTDA.,51447607000155,SUDESTE,São Paulo,AMERICO BRASILIENSE,"82575,00",152440,"45,000",0
07/2026,BIOMETANO SÃO LEOPOLDO S.A.,53291355000143,SUL,Rio Grande do Sul,SAO LEOPOLDO,"36744,00",67200,"24810,000",37
06/2026,ADECOAGRO VALE DO IVINHEMA S.A.,07903169001768,CENTRO OESTE,Mato Grosso do Sul,IVINHEMA,"8000,00",12000,"0,000",0
06/2026,GÁS VERDE S.A.,11131464000587,SUDESTE,Rio de Janeiro,SEROPEDICA,"204000,00",480000,"385417,000",80
06/2026,GEO ELÉTRICA TAMBOARA BIOENERGIA LTDA,12415018000214,SUL,Paraná,TAMBOARA,"40000,00",86880,"26498,000",30
06/2026,COCAL ENERGIA S.A.,14788495000170,SUDESTE,São Paulo,NARANDIBA,"27112,00",51600,"15485,000",30
06/2026,GNR DOIS ARCOS VALORIZAÇÃO DE BIOGÁS LTDA.,17173460000203,SUDESTE,Rio de Janeiro,SAO PEDRO DA ALDEIA,"18480,00",36000,"30383,000",84
06/2026,ENGEP AMBIENTAL LTDA,17354555000215,SUDESTE,São Paulo,JAMBEIRO,"30000,00",84000,"10804,000",13
06/2026,GNR FORTALEZA VALORIZAÇÃO DE BIOGÁS LTDA.,20287659000188,NORDESTE,Ceará,CAUCAIA,"110000,00",300000,"146884,000",49
06/2026,AGRIC ADUBOS E GESTÃODE RESÍDUOS INDUSTRIAIS E COMERCIAIS S.A.,28260261000240,SUL,Santa Catarina,CAMPOS NOVOS,"31440,00",48000,"4530,000",9
06/2026,SPE CENTRAL DE TRATAMENTO INTEGRADO RESÍDUO ZERO LTDA,35536099000125,SUL,Rio Grande do Sul,TRIUNFO,"36000,00",60000,"57631,000",96
06/2026,CRI GEO BIOGAS S.A.,38615333000106,SUDESTE,São Paulo,ELIAS FAUSTO,"23694,00",60629,"19938,000",33
06/2026,METAGÁS BIOGÁS E ENERGIA S.A,43943079000105,SUDESTE,São Paulo,SAO PAULO,"30000,00",60000,"30825,000",51
06/2026,COCAL ENERGIA PPT PARTICIPAÇÕES LTDA,44191268000123,SUDESTE,São Paulo,PARAGUACU PAULISTA,"60000,00",127200,"6811,000",5
06/2026,RAÍZEN-GEO BIOGÁS COSTA PINTO LTDA.,45281972000130,SUDESTE,São Paulo,PIRACICABA,"130368,00",230016,"94057,000",41
06/2026,ZEG BIOGÁS AROEIRA SPE LTDA.,46569957000154,SUDESTE,Minas Gerais,TUPACIGUARA,"16912,00",30626,"2820,000",9
06/2026,SCBIO ENERGIAS RENOVÁVEIS SPE LTDA.,47290256000225,SUL,Santa Catarina,CAMPOS NOVOS,"16000,00",28800,"0,000",0
06/2026,BIOMETANO SUL S.A.,47360931000164,SUL,Rio Grande do Sul,MINAS DO LEAO,"64848,00",132000,"26339,000",20
06/2026,ESSENCIS BIOMETANO S.A.,48119972000126,SUDESTE,São Paulo,CAIEIRAS,"67200,00",139680,"78927,000",57
06/2026,ORIZON BIOMETANO JABOATÃO DOS GUARARAPES LIMITADA,49909303000110,NORDESTE,Pernambuco,JABOATAO DOS GUARARAPES,"108931,00",240000,"68910,000",29
06/2026,BIOMETANO VERDE PAULINIA S.A.,50365355000152,SUDESTE,São Paulo,PAULINIA,"225840,00",480000,"236,000",0
06/2026,BIOMETANO SANTA CRUZ LTDA.,51447607000155,SUDESTE,São Paulo,AMERICO BRASILIENSE,"82575,00",152440,"76,000",0
06/2026,BIOMETANO SÃO LEOPOLDO S.A.,53291355000143,SUL,Rio Grande do Sul,SAO LEOPOLDO,"36744,00",67200,"23787,000",35
05/2026,ADECOAGRO VALE DO IVINHEMA S.A.,07903169001768,CENTRO OESTE,Mato Grosso do Sul,IVINHEMA,"8000,00",12000,"0,000",0
05/2026,GÁS VERDE S.A.,11131464000587,SUDESTE,Rio de Janeiro,SEROPEDICA,"204000,00",480000,"409707,000",85
05/2026,GEO ELÉTRICA TAMBOARA BIOENERGIA LTDA,12415018000214,SUL,Paraná,TAMBOARA,"40000,00",86880,"23851,000",27
05/2026,COCAL ENERGIA S.A.,14788495000170,SUDESTE,São Paulo,NARANDIBA,"27112,00",51600,"20780,000",40
05/2026,GNR DOIS ARCOS VALORIZAÇÃO DE BIOGÁS LTDA.,17173460000203,SUDESTE,Rio de Janeiro,SAO PEDRO DA ALDEIA,"18480,00",36000,"24863,000",69
05/2026,ENGEP AMBIENTAL LTDA,17354555000215,SUDESTE,São Paulo,JAMBEIRO,"30000,00",84000,"19758,000",24
05/2026,GNR FORTALEZA VALORIZAÇÃO DE BIOGÁS LTDA.,20287659000188,NORDESTE,Ceará,CAUCAIA,"110000,00",300000,"150994,000",50
05/2026,AGRIC ADUBOS E GESTÃODE RESÍDUOS INDUSTRIAIS E COMERCIAIS S.A.,28260261000240,SUL,Santa Catarina,CAMPOS NOVOS,"31440,00",48000,"4977,000",10
05/2026,SPE CENTRAL DE TRATAMENTO INTEGRADO RESÍDUO ZERO LTDA,35536099000125,SUL,Rio Grande do Sul,TRIUNFO,"36000,00",60000,"49833,000",83
05/2026,CRI GEO BIOGAS S.A.,38615333000106,SUDESTE,São Paulo,ELIAS FAUSTO,"23694,00",60629,"18167,000",30
05/2026,METAGÁS BIOGÁS E ENERGIA S.A,43943079000105,SUDESTE,São Paulo,SAO PAULO,"30000,00",60000,"24448,000",41
05/2026,COCAL ENERGIA PPT PARTICIPAÇÕES LTDA,44191268000123,SUDESTE,São Paulo,PARAGUACU PAULISTA,"60000,00",127200,"715,000",1
05/2026,RAÍZEN-GEO BIOGÁS COSTA PINTO LTDA.,45281972000130,SUDESTE,São Paulo,PIRACICABA,"130368,00",230016,"58054,000",25
05/2026,ZEG BIOGÁS AROEIRA SPE LTDA.,46569957000154,SUDESTE,Minas Gerais,TUPACIGUARA,"16912,00",30626,"1665,000",5
05/2026,SCBIO ENERGIAS RENOVÁVEIS SPE LTDA.,47290256000225,SUL,Santa Catarina,CAMPOS NOVOS,"16000,00",28800,"0,000",0
05/2026,BIOMETANO SUL S.A.,47360931000164,SUL,Rio Grande do Sul,MINAS DO LEAO,"64848,00",132000,"39440,000",30
05/2026,ESSENCIS BIOMETANO S.A.,48119972000126,SUDESTE,São Paulo,CAIEIRAS,"67200,00",139680,"63911,000",46
05/2026,ORIZON BIOMETANO JABOATÃO DOS GUARARAPES LIMITADA,49909303000110,NORDESTE,Pernambuco,JABOATAO DOS GUARARAPES,"108931,00",240000,"38024,000",16
05/2026,BIOMETANO VERDE PAULINIA S.A.,50365355000152,SUDESTE,São Paulo,PAULINIA,"106867,00",240000,"195,000",0
05/2026,BIOMETANO SANTA CRUZ LTDA.,51447607000155,SUDESTE,São Paulo,AMERICO BRASILIENSE,"82575,00",152440,"66,000",0
04/2026,ADECOAGRO VALE DO IVINHEMA S.A.,07903169001768,CENTRO OESTE,Mato Grosso do Sul,IVINHEMA,"8000,00",12000,"0,000",0
04/2026,GÁS VERDE S.A.,11131464000587,SUDESTE,Rio de Janeiro,SEROPEDICA,"204000,00",480000,"381731,000",80
04/2026,GEO ELÉTRICA TAMBOARA BIOENERGIA LTDA,12415018000214,SUL,Paraná,TAMBOARA,"40000,00",86880,"22356,000",26
04/2026,COCAL ENERGIA S.A.,14788495000170,SUDESTE,São Paulo,NARANDIBA,"27112,00",51600,"19087,000",37
04/2026,GNR DOIS ARCOS VALORIZAÇÃO DE BIOGÁS LTDA.,17173460000203,SUDESTE,Rio de Janeiro,SAO PEDRO DA ALDEIA,"18480,00",36000,"30958,000",86
04/2026,ENGEP AMBIENTAL LTDA,17354555000215,SUDESTE,São Paulo,JAMBEIRO,"30000,00",84000,"17440,000",21
04/2026,GNR FORTALEZA VALORIZAÇÃO DE BIOGÁS LTDA.,20287659000188,NORDESTE,Ceará,CAUCAIA,"110000,00",300000,"142800,000",48
04/2026,AGRIC ADUBOS E GESTÃODE RESÍDUOS INDUSTRIAIS E COMERCIAIS S.A.,28260261000240,SUL,Santa Catarina,CAMPOS NOVOS,"31440,00",48000,"4180,000",9
04/2026,SPE CENTRAL DE TRATAMENTO INTEGRADO RESÍDUO ZERO LTDA,35536099000125,SUL,Rio Grande do Sul,TRIUNFO,"36000,00",60000,"46732,000",78
04/2026,CRI GEO BIOGAS S.A.,38615333000106,SUDESTE,São Paulo,ELIAS FAUSTO,"23694,00",60629,"27229,000",45
04/2026,METAGÁS BIOGÁS E ENERGIA S.A,43943079000105,SUDESTE,São Paulo,SAO PAULO,"30000,00",60000,"27902,000",47
04/2026,COCAL ENERGIA PPT PARTICIPAÇÕES LTDA,44191268000123,SUDESTE,São Paulo,PARAGUACU PAULISTA,"60000,00",127200,"0,000",0
04/2026,RAÍZEN-GEO BIOGÁS COSTA PINTO LTDA.,45281972000130,SUDESTE,São Paulo,PIRACICABA,"130368,00",230016,"31570,000",14
04/2026,ZEG BIOGÁS AROEIRA SPE LTDA.,46569957000154,SUDESTE,Minas Gerais,TUPACIGUARA,"16912,00",30626,"1905,000",6
04/2026,BIOMETANO SUL S.A.,47360931000164,SUL,Rio Grande do Sul,MINAS DO LEAO,"64848,00",132000,"66085,000",50
04/2026,ESSENCIS BIOMETANO S.A.,48119972000126,SUDESTE,São Paulo,CAIEIRAS,"67200,00",139680,"63458,000",45
04/2026,ORIZON BIOMETANO JABOATÃO DOS GUARARAPES LIMITADA,49909303000110,NORDESTE,Pernambuco,JABOATAO DOS GUARARAPES,"108931,00",240000,"64147,000",27
04/2026,BIOMETANO VERDE PAULINIA S.A.,50365355000152,SUDESTE,São Paulo,PAULINIA,"106867,00",240000,"208,000",0
04/2026,BIOMETANO SANTA CRUZ LTDA.,51447607000155,SUDESTE,São Paulo,AMERICO BRASILIENSE,"82575,00",152440,"16,000",0
03/2026,ADECOAGRO VALE DO IVINHEMA S.A.,07903169001768,CENTRO OESTE,Mato Grosso do Sul,IVINHEMA,"8000,00",12000,"0,000",0
03/2026,GÁS VERDE S.A.,11131464000587,SUDESTE,Rio de Janeiro,SEROPEDICA,"204000,00",480000,"384000,000",80
03/2026,GEO ELÉTRICA TAMBOARA BIOENERGIA LTDA,12415018000214,SUL,Paraná,TAMBOARA,"40000,00",86880,"23662,000",27
03/2026,COCAL ENERGIA S.A.,14788495000170,SUDESTE,São Paulo,NARANDIBA,"27112,00",51600,"18810,000",36
03/2026,GNR DOIS ARCOS VALORIZAÇÃO DE BIOGÁS LTDA.,17173460000203,SUDESTE,Rio de Janeiro,SAO PEDRO DA ALDEIA,"18480,00",36000,"31338,000",87
03/2026,ENGEP AMBIENTAL LTDA,17354555000215,SUDESTE,São Paulo,JAMBEIRO,"30000,00",84000,"27045,000",32
03/2026,GNR FORTALEZA VALORIZAÇÃO DE BIOGÁS LTDA.,20287659000188,NORDESTE,Ceará,CAUCAIA,"110000,00",300000,"146587,000",49
03/2026,AGRIC ADUBOS E GESTÃODE RESÍDUOS INDUSTRIAIS E COMERCIAIS S.A.,28260261000240,SUL,Santa Catarina,CAMPOS NOVOS,"31440,00",48000,"0,000",0
03/2026,SPE CENTRAL DE TRATAMENTO INTEGRADO RESÍDUO ZERO LTDA,35536099000125,SUL,Rio Grande do Sul,TRIUNFO,"36000,00",60000,"42442,000",71
03/2026,CRI GEO BIOGAS S.A.,38615333000106,SUDESTE,São Paulo,ELIAS FAUSTO,"23694,00",60629,"25926,000",43
03/2026,METAGÁS BIOGÁS E ENERGIA S.A,43943079000105,SUDESTE,São Paulo,SAO PAULO,"30000,00",60000,"27347,000",46
03/2026,COCAL ENERGIA PPT PARTICIPAÇÕES LTDA,44191268000123,SUDESTE,São Paulo,PARAGUACU PAULISTA,"60000,00",127200,"0,000",0
03/2026,RAÍZEN-GEO BIOGÁS COSTA PINTO LTDA.,45281972000130,SUDESTE,São Paulo,PIRACICABA,"130368,00",230016,"10928,000",5
03/2026,ZEG BIOGÁS AROEIRA SPE LTDA.,46569957000154,SUDESTE,Minas Gerais,TUPACIGUARA,"16912,00",30626,"0,000",0
03/2026,BIOMETANO SUL S.A.,47360931000164,SUL,Rio Grande do Sul,MINAS DO LEAO,"64848,00",132000,"20216,000",15
03/2026,ESSENCIS BIOMETANO S.A.,48119972000126,SUDESTE,São Paulo,CAIEIRAS,"67200,00",139680,"39887,000",29
03/2026,ORIZON BIOMETANO JABOATÃO DOS GUARARAPES LIMITADA,49909303000110,NORDESTE,Pernambuco,JABOATAO DOS GUARARAPES,"108931,00",240000,"40058,000",17
03/2026,BIOMETANO VERDE PAULINIA S.A.,50365355000152,SUDESTE,São Paulo,PAULINIA,"106867,00",240000,"186,000",0
03/2026,BIOMETANO SANTA CRUZ LTDA.,51447607000155,SUDESTE,São Paulo,AMERICO BRASILIENSE,"82575,00",152440,"0,000",0
02/2026,ADECOAGRO VALE DO IVINHEMA S.A.,07903169001768,CENTRO OESTE,Mato Grosso do Sul,IVINHEMA,"8000,00",12000,"0,000",0
02/2026,GÁS VERDE S.A.,11131464000587,SUDESTE,Rio de Janeiro,SEROPEDICA,"204000,00",480000,"361019,000",75
02/2026,GEO ELÉTRICA TAMBOARA BIOENERGIA LTDA,12415018000214,SUL,Paraná,TAMBOARA,"40000,00",86880,"19696,000",23
02/2026,COCAL ENERGIA S.A.,14788495000170,SUDESTE,São Paulo,NARANDIBA,"27112,00",51600,"20035,000",39
02/2026,GNR DOIS ARCOS VALORIZAÇÃO DE BIOGÁS LTDA.,17173460000203,SUDESTE,Rio de Janeiro,SAO PEDRO DA ALDEIA,"18480,00",36000,"29092,000",81
02/2026,ENGEP AMBIENTAL LTDA,17354555000215,SUDESTE,São Paulo,JAMBEIRO,"30000,00",84000,"31786,000",38
02/2026,GNR FORTALEZA VALORIZAÇÃO DE BIOGÁS LTDA.,20287659000188,NORDESTE,Ceará,CAUCAIA,"110000,00",300000,"150851,000",50
02/2026,AGRIC ADUBOS E GESTÃODE RESÍDUOS INDUSTRIAIS E COMERCIAIS S.A.,28260261000240,SUL,Santa Catarina,CAMPOS NOVOS,"31440,00",48000,"0,000",0
02/2026,SPE CENTRAL DE TRATAMENTO INTEGRADO RESÍDUO ZERO LTDA,35536099000125,SUL,Rio Grande do Sul,TRIUNFO,"36000,00",60000,"34790,000",58
02/2026,CRI GEO BIOGAS S.A.,38615333000106,SUDESTE,São Paulo,ELIAS FAUSTO,"23694,00",60629,"17437,000",29
02/2026,METAGÁS BIOGÁS E ENERGIA S.A,43943079000105,SUDESTE,São Paulo,SAO PAULO,"30000,00",60000,"22397,000",37
02/2026,COCAL ENERGIA PPT PARTICIPAÇÕES LTDA,44191268000123,SUDESTE,São Paulo,PARAGUACU PAULISTA,"60000,00",127200,"0,000",0
02/2026,RAÍZEN-GEO BIOGÁS COSTA PINTO LTDA.,45281972000130,SUDESTE,São Paulo,PIRACICABA,"130368,00",230016,"211,000",0
02/2026,ZEG BIOGÁS AROEIRA SPE LTDA.,46569957000154,SUDESTE,Minas Gerais,TUPACIGUARA,"16912,00",30626,"0,000",0
02/2026,BIOMETANO SUL S.A.,47360931000164,SUL,Rio Grande do Sul,MINAS DO LEAO,"64848,00",132000,"41486,000",31
02/2026,ESSENCIS BIOMETANO S.A.,48119972000126,SUDESTE,São Paulo,CAIEIRAS,"67200,00",139680,"75191,000",54
02/2026,ORIZON BIOMETANO JABOATÃO DOS GUARARAPES LIMITADA,49909303000110,NORDESTE,Pernambuco,JABOATAO DOS GUARARAPES,"108931,00",240000,"12923,000",5
02/2026,BIOMETANO VERDE PAULINIA S.A.,50365355000152,SUDESTE,São Paulo,PAULINIA,"106867,00",240000,"113,000",0
02/2026,BIOMETANO SANTA CRUZ LTDA.,51447607000155,SUDESTE,São Paulo,AMERICO BRASILIENSE,"82575,00",152440,"0,000",0
01/2026,ADECOAGRO VALE DO IVINHEMA S.A.,07903169001768,CENTRO OESTE,Mato Grosso do Sul,IVINHEMA,"8000,00",12000,"0,000",0
01/2026,GÁS VERDE S.A.,11131464000587,SUDESTE,Rio de Janeiro,SEROPEDICA,"204000,00",480000,"358250,000",75
01/2026,GEO ELÉTRICA TAMBOARA BIOENERGIA LTDA,12415018000214,SUL,Paraná,TAMBOARA,"40000,00",86880,"17245,000",20
01/2026,COCAL ENERGIA S.A.,14788495000170,SUDESTE,São Paulo,NARANDIBA,"27112,00",51600,"16464,000",32
01/2026,GNR DOIS ARCOS VALORIZAÇÃO DE BIOGÁS LTDA.,17173460000203,SUDESTE,Rio de Janeiro,SAO PEDRO DA ALDEIA,"18480,00",36000,"31753,000",88
01/2026,ENGEP AMBIENTAL LTDA,17354555000215,SUDESTE,São Paulo,JAMBEIRO,"30000,00",84000,"21947,000",26
01/2026,GNR FORTALEZA VALORIZAÇÃO DE BIOGÁS LTDA.,20287659000188,NORDESTE,Ceará,CAUCAIA,"110000,00",300000,"143488,000",48
01/2026,SPE CENTRAL DE TRATAMENTO INTEGRADO RESÍDUO ZERO LTDA,35536099000125,SUL,Rio Grande do Sul,TRIUNFO,"36000,00",60000,"38590,000",64
01/2026,CRI GEO BIOGAS S.A.,38615333000106,SUDESTE,São Paulo,ELIAS FAUSTO,"23694,00",60629,"9530,000",16
01/2026,METAGÁS BIOGÁS E ENERGIA S.A,43943079000105,SUDESTE,São Paulo,SAO PAULO,"30000,00",60000,"17341,000",29
01/2026,COCAL ENERGIA PPT PARTICIPAÇÕES LTDA,44191268000123,SUDESTE,São Paulo,PARAGUACU PAULISTA,"60000,00",127200,"0,000",0
01/2026,RAÍZEN-GEO BIOGÁS COSTA PINTO LTDA.,45281972000130,SUDESTE,São Paulo,PIRACICABA,"130368,00",230016,"18148,000",8
01/2026,ZEG BIOGÁS AROEIRA SPE LTDA.,46569957000154,SUDESTE,Minas Gerais,TUPACIGUARA,"16912,00",30626,"0,000",0
01/2026,BIOMETANO SUL S.A.,47360931000164,SUL,Rio Grande do Sul,MINAS DO LEAO,"64848,00",132000,"21367,000",16
01/2026,ESSENCIS BIOMETANO S.A.,48119972000126,SUDESTE,São Paulo,CAIEIRAS,"67200,00",139680,"61112,000",44
01/2026,ORIZON BIOMETANO JABOATÃO DOS GUARARAPES LIMITADA,49909303000110,NORDESTE,Pernambuco,JABOATAO DOS GUARARAPES,"108931,00",240000,"12843,000",5
01/2026,BIOMETANO VERDE PAULINIA S.A.,50365355000152,SUDESTE,São Paulo,PAULINIA,"106867,00",240000,"39,000",0
01/2026,BIOMETANO SANTA CRUZ LTDA.,51447607000155,SUDESTE,São Paulo,AMERICO BRASILIENSE,"82575,00",152440,"0,000",0
12/2025,ADECOAGRO VALE DO IVINHEMA S.A.,07903169001768,CENTRO OESTE,Mato Grosso do Sul,IVINHEMA,"8000,00",12000,"0,000",0
12/2025,GÁS VERDE S.A.,11131464000587,SUDESTE,Rio de Janeiro,SEROPEDICA,"204000,00",480000,"349196,000",73
12/2025,GEO ELÉTRICA TAMBOARA BIOENERGIA LTDA,12415018000214,SUL,Paraná,TAMBOARA,"31200,00",84000,"19411,000",23
12/2025,COCAL ENERGIA S.A.,14788495000170,SUDESTE,São Paulo,NARANDIBA,"27112,00",51600,"15438,000",30
12/2025,GNR DOIS ARCOS VALORIZAÇÃO DE BIOGÁS LTDA.,17173460000203,SUDESTE,Rio de Janeiro,SAO PEDRO DA ALDEIA,"18480,00",36000,"30604,000",85
12/2025,ENGEP AMBIENTAL LTDA,17354555000215,SUDESTE,São Paulo,JAMBEIRO,"30000,00",84000,"40899,000",49
12/2025,GNR FORTALEZA VALORIZAÇÃO DE BIOGÁS LTDA.,20287659000188,NORDESTE,Ceará,CAUCAIA,"110000,00",300000,"134129,000",45
12/2025,SPE CENTRAL DE TRATAMENTO INTEGRADO RESÍDUO ZERO LTDA,35536099000125,SUL,Rio Grande do Sul,TRIUNFO,"36000,00",60000,"24993,000",42
12/2025,CRI GEO BIOGAS S.A.,38615333000106,SUDESTE,São Paulo,ELIAS FAUSTO,"23694,00",60629,"12980,000",21
12/2025,METAGÁS BIOGÁS E ENERGIA S.A,43943079000105,SUDESTE,São Paulo,SAO PAULO,"30000,00",60000,"16206,000",27
12/2025,RAÍZEN-GEO BIOGÁS COSTA PINTO LTDA.,45281972000130,SUDESTE,São Paulo,PIRACICABA,"130368,00",230016,"28084,000",12
12/2025,ZEG BIOGÁS AROEIRA SPE LTDA.,46569957000154,SUDESTE,Minas Gerais,TUPACIGUARA,"16912,00",30626,"0,000",0
12/2025,BIOMETANO SUL S.A.,47360931000164,SUL,Rio Grande do Sul,MINAS DO LEAO,"64848,00",132000,"35459,000",27
12/2025,ESSENCIS BIOMETANO S.A.,48119972000126,SUDESTE,São Paulo,CAIEIRAS,"67200,00",139680,"67979,000",49
12/2025,ORIZON BIOMETANO JABOATÃO DOS GUARARAPES LIMITADA,49909303000110,NORDESTE,Pernambuco,JABOATAO DOS GUARARAPES,"108931,00",240000,"14495,000",6
12/2025,BIOMETANO VERDE PAULINIA S.A.,50365355000152,SUDESTE,São Paulo,PAULINIA,"106867,00",240000,"18,000",0
12/2025,BIOMETANO SANTA CRUZ LTDA.,51447607000155,SUDESTE,São Paulo,AMERICO BRASILIENSE,"82575,00",152440,"0,000",0
11/2025,ADECOAGRO VALE DO IVINHEMA S.A.,07903169001768,CENTRO OESTE,Mato Grosso do Sul,IVINHEMA,"8000,00",12000,"0,000",0
11/2025,GÁS VERDE S.A.,11131464000587,SUDESTE,Rio de Janeiro,SEROPEDICA,"204000,00",480000,"384000,000",80
11/2025,GEO ELÉTRICA TAMBOARA BIOENERGIA LTDA,12415018000214,SUL,Paraná,TAMBOARA,"31200,00",84000,"19733,000",23
11/2025,COCAL ENERGIA S.A.,14788495000170,SUDESTE,São Paulo,NARANDIBA,"27112,00",51600,"23390,000",45
11/2025,GNR DOIS ARCOS VALORIZAÇÃO DE BIOGÁS LTDA.,17173460000203,SUDESTE,Rio de Janeiro,SAO PEDRO DA ALDEIA,"18480,00",36000,"31582,000",88
11/2025,ENGEP AMBIENTAL LTDA,17354555000215,SUDESTE,São Paulo,JAMBEIRO,"30000,00",84000,"26845,000",32
11/2025,GNR FORTALEZA VALORIZAÇÃO DE BIOGÁS LTDA.,20287659000188,NORDESTE,Ceará,CAUCAIA,"110000,00",300000,"121692,000",41
11/2025,SPE CENTRAL DE TRATAMENTO INTEGRADO RESÍDUO ZERO LTDA,35536099000125,SUL,Rio Grande do Sul,TRIUNFO,"36000,00",60000,"32873,000",55
11/2025,CRI GEO BIOGAS S.A.,38615333000106,SUDESTE,São Paulo,ELIAS FAUSTO,"23694,00",60629,"7047,000",12
11/2025,METAGÁS BIOGÁS E ENERGIA S.A,43943079000105,SUDESTE,São Paulo,SAO PAULO,"30000,00",60000,"16851,000",28
11/2025,RAÍZEN-GEO BIOGÁS COSTA PINTO LTDA.,45281972000130,SUDESTE,São Paulo,PIRACICABA,"130368,00",230016,"73847,000",32
11/2025,ZEG BIOGÁS AROEIRA SPE LTDA.,46569957000154,SUDESTE,Minas Gerais,TUPACIGUARA,"16912,00",30626,"258,000",1
11/2025,BIOMETANO SUL S.A.,47360931000164,SUL,Rio Grande do Sul,MINAS DO LEAO,"64848,00",132000,"39591,000",30
11/2025,ESSENCIS BIOMETANO S.A.,48119972000126,SUDESTE,São Paulo,CAIEIRAS,"67200,00",139680,"62645,000",45
11/2025,ORIZON BIOMETANO JABOATÃO DOS GUARARAPES LIMITADA,49909303000110,NORDESTE,Pernambuco,JABOATAO DOS GUARARAPES,"108931,00",240000,"471,000",0
11/2025,BIOMETANO VERDE PAULINIA S.A.,50365355000152,SUDESTE,São Paulo,PAULINIA,"106867,00",240000,"21,000",0
11/2025,BIOMETANO SANTA CRUZ LTDA.,51447607000155,SUDESTE,São Paulo,AMERICO BRASILIENSE,"82575,00",152440,"29,000",0
10/2025,ADECOAGRO VALE DO IVINHEMA S.A.,07903169001768,CENTRO OESTE,Mato Grosso do Sul,IVINHEMA,"8000,00",12000,"0,000",0
10/2025,GÁS VERDE S.A.,11131464000587,SUDESTE,Rio de Janeiro,SEROPEDICA,"204000,00",480000,"384000,000",80
10/2025,GEO ELÉTRICA TAMBOARA BIOENERGIA LTDA,12415018000214,SUL,Paraná,TAMBOARA,"31200,00",84000,"21208,000",25
10/2025,COCAL ENERGIA S.A.,14788495000170,SUDESTE,São Paulo,NARANDIBA,"27112,00",51600,"25414,000",49
10/2025,GNR DOIS ARCOS VALORIZAÇÃO DE BIOGÁS LTDA.,17173460000203,SUDESTE,Rio de Janeiro,SAO PEDRO DA ALDEIA,"18480,00",36000,"32343,000",90
10/2025,ENGEP AMBIENTAL LTDA,17354555000215,SUDESTE,São Paulo,JAMBEIRO,"30000,00",84000,"31077,000",37
10/2025,GNR FORTALEZA VALORIZAÇÃO DE BIOGÁS LTDA.,20287659000188,NORDESTE,Ceará,CAUCAIA,"110000,00",300000,"126448,000",42
10/2025,SPE CENTRAL DE TRATAMENTO INTEGRADO RESÍDUO ZERO LTDA,35536099000125,SUL,Rio Grande do Sul,TRIUNFO,"36000,00",60000,"13441,000",22
10/2025,CRI GEO BIOGAS S.A.,38615333000106,SUDESTE,São Paulo,ELIAS FAUSTO,"23694,00",60629,"4683,000",8
10/2025,METAGÁS BIOGÁS E ENERGIA S.A,43943079000105,SUDESTE,São Paulo,SAO PAULO,"30000,00",60000,"17079,000",28
10/2025,RAÍZEN-GEO BIOGÁS COSTA PINTO LTDA.,45281972000130,SUDESTE,São Paulo,PIRACICABA,"130368,00",230016,"82334,000",36
10/2025,ZEG BIOGÁS AROEIRA SPE LTDA.,46569957000154,SUDESTE,Minas Gerais,TUPACIGUARA,"16912,00",30626,"3259,000",11
10/2025,BIOMETANO SUL S.A.,47360931000164,SUL,Rio Grande do Sul,MINAS DO LEAO,"64848,00",132000,"39046,000",30
10/2025,ESSENCIS BIOMETANO S.A.,48119972000126,SUDESTE,São Paulo,CAIEIRAS,"67200,00",139680,"61696,000",44
10/2025,ORIZON BIOMETANO JABOATÃO DOS GUARARAPES LIMITADA,49909303000110,NORDESTE,Pernambuco,JABOATAO DOS GUARARAPES,"108931,00",240000,"0,000",0
10/2025,BIOMETANO SANTA CRUZ LTDA.,51447607000155,SUDESTE,São Paulo,AMERICO BRASILIENSE,"82575,00",152440,"91,000",0
09/2025,ADECOAGRO VALE DO IVINHEMA S.A.,07903169001768,CENTRO OESTE,Mato Grosso do Sul,IVINHEMA,"8000,00",12000,"0,000",0
09/2025,GÁS VERDE S.A.,11131464000587,SUDESTE,Rio de Janeiro,SEROPEDICA,"204000,00",480000,"375886,000",78
09/2025,GEO ELÉTRICA TAMBOARA BIOENERGIA LTDA,12415018000214,SUL,Paraná,TAMBOARA,"31200,00",84000,"17720,000",21
09/2025,COCAL ENERGIA S.A.,14788495000170,SUDESTE,São Paulo,NARANDIBA,"27112,00",51600,"21817,000",42
09/2025,GNR DOIS ARCOS VALORIZAÇÃO DE BIOGÁS LTDA.,17173460000203,SUDESTE,Rio de Janeiro,SAO PEDRO DA ALDEIA,"18480,00",36000,"31055,000",86
09/2025,ENGEP AMBIENTAL LTDA,17354555000215,SUDESTE,São Paulo,JAMBEIRO,"30000,00",84000,"36101,000",43
09/2025,GNR FORTALEZA VALORIZAÇÃO DE BIOGÁS LTDA.,20287659000188,NORDESTE,Ceará,CAUCAIA,"110000,00",300000,"107236,000",36
09/2025,SPE CENTRAL DE TRATAMENTO INTEGRADO RESÍDUO ZERO LTDA,35536099000125,SUL,Rio Grande do Sul,TRIUNFO,"36000,00",60000,"19171,000",32
09/2025,CRI GEO BIOGAS S.A.,38615333000106,SUDESTE,São Paulo,ELIAS FAUSTO,"23694,00",60629,"4958,000",8
09/2025,METAGÁS BIOGÁS E ENERGIA S.A,43943079000105,SUDESTE,São Paulo,SAO PAULO,"30000,00",60000,"18078,000",30
09/2025,RAÍZEN-GEO BIOGÁS COSTA PINTO LTDA.,45281972000130,SUDESTE,São Paulo,PIRACICABA,"130368,00",230016,"105,000",0
09/2025,ZEG BIOGÁS AROEIRA SPE LTDA.,46569957000154,SUDESTE,Minas Gerais,TUPACIGUARA,"16912,00",30626,"3934,000",13
09/2025,BIOMETANO SUL S.A.,47360931000164,SUL,Rio Grande do Sul,MINAS DO LEAO,"64848,00",132000,"51383,000",39
09/2025,ESSENCIS BIOMETANO S.A.,48119972000126,SUDESTE,São Paulo,CAIEIRAS,"67200,00",139680,"66780,000",48
09/2025,ORIZON BIOMETANO JABOATÃO DOS GUARARAPES LIMITADA,49909303000110,NORDESTE,Pernambuco,JABOATAO DOS GUARARAPES,"108931,00",240000,"0,000",0
09/2025,BIOMETANO SANTA CRUZ LTDA.,51447607000155,SUDESTE,São Paulo,AMERICO BRASILIENSE,"82575,00",152440,"37,000",0
08/2025,ADECOAGRO VALE DO IVINHEMA S.A.,07903169001768,CENTRO OESTE,Mato Grosso do Sul,IVINHEMA,"8000,00",12000,"0,000",0
08/2025,GÁS VERDE S.A.,11131464000587,SUDESTE,Rio de Janeiro,SEROPEDICA,"204000,00",480000,"378566,000",79
08/2025,GEO ELÉTRICA TAMBOARA BIOENERGIA LTDA,12415018000214,SUL,Paraná,TAMBOARA,"31200,00",84000,"20114,000",24
08/2025,COCAL ENERGIA S.A.,14788495000170,SUDESTE,São Paulo,NARANDIBA,"27112,00",51600,"23913,000",46
08/2025,GNR DOIS ARCOS VALORIZAÇÃO DE BIOGÁS LTDA.,17173460000203,SUDESTE,Rio de Janeiro,SAO PEDRO DA ALDEIA,"18480,00",36000,"29478,000",82
08/2025,ENGEP AMBIENTAL LTDA,17354555000215,SUDESTE,São Paulo,JAMBEIRO,"30000,00",84000,"26187,000",31
08/2025,GNR FORTALEZA VALORIZAÇÃO DE BIOGÁS LTDA.,20287659000188,NORDESTE,Ceará,CAUCAIA,"110000,00",300000,"110665,000",37
08/2025,SPE CENTRAL DE TRATAMENTO INTEGRADO RESÍDUO ZERO LTDA,35536099000125,SUL,Rio Grande do Sul,TRIUNFO,"36000,00",60000,"0,000",0
08/2025,CRI GEO BIOGAS S.A.,38615333000106,SUDESTE,São Paulo,ELIAS FAUSTO,"23694,00",60629,"5852,000",10
08/2025,METAGÁS BIOGÁS E ENERGIA S.A,43943079000105,SUDESTE,São Paulo,SAO PAULO,"30000,00",60000,"19251,000",32
08/2025,RAÍZEN-GEO BIOGÁS COSTA PINTO LTDA.,45281972000130,SUDESTE,São Paulo,PIRACICABA,"130368,00",230016,"128305,000",56
08/2025,ZEG BIOGÁS AROEIRA SPE LTDA.,46569957000154,SUDESTE,Minas Gerais,TUPACIGUARA,"16912,00",30626,"3649,000",12
08/2025,BIOMETANO SUL S.A.,47360931000164,SUL,Rio Grande do Sul,MINAS DO LEAO,"64848,00",132000,"19114,000",14
08/2025,ESSENCIS BIOMETANO S.A.,48119972000126,SUDESTE,São Paulo,CAIEIRAS,"67200,00",139680,"63899,000",46
08/2025,ORIZON BIOMETANO JABOATÃO DOS GUARARAPES LIMITADA,49909303000110,NORDESTE,Pernambuco,JABOATAO DOS GUARARAPES,"108931,00",240000,"0,000",0
07/2025,ADECOAGRO VALE DO IVINHEMA S.A.,07903169001768,CENTRO OESTE,Mato Grosso do Sul,IVINHEMA,"8000,00",12000,"0,000",0
07/2025,GÁS VERDE S.A.,11131464000587,SUDESTE,Rio de Janeiro,SEROPEDICA,"204000,00",480000,"362049,000",75
07/2025,GEO ELÉTRICA TAMBOARA BIOENERGIA LTDA,12415018000214,SUL,Paraná,TAMBOARA,"31200,00",84000,"15575,000",19
07/2025,COCAL ENERGIA S.A.,14788495000170,SUDESTE,São Paulo,NARANDIBA,"27112,00",51600,"25,000",0
07/2025,GNR DOIS ARCOS VALORIZAÇÃO DE BIOGÁS LTDA.,17173460000203,SUDESTE,Rio de Janeiro,SAO PEDRO DA ALDEIA,"18480,00",36000,"29910,000",83
07/2025,ENGEP AMBIENTAL LTDA,17354555000215,SUDESTE,São Paulo,JAMBEIRO,"30000,00",84000,"24942,000",30
07/2025,GNR FORTALEZA VALORIZAÇÃO DE BIOGÁS LTDA.,20287659000188,NORDESTE,Ceará,CAUCAIA,"110000,00",300000,"116991,000",39
07/2025,SPE CENTRAL DE TRATAMENTO INTEGRADO RESÍDUO ZERO LTDA,35536099000125,SUL,Rio Grande do Sul,TRIUNFO,"36000,00",60000,"0,000",0
07/2025,CRI GEO BIOGAS S.A.,38615333000106,SUDESTE,São Paulo,ELIAS FAUSTO,"23694,00",60629,"5631,000",9
07/2025,METAGÁS BIOGÁS E ENERGIA S.A,43943079000105,SUDESTE,São Paulo,SAO PAULO,"30000,00",60000,"10886,000",18
07/2025,RAÍZEN-GEO BIOGÁS COSTA PINTO LTDA.,45281972000130,SUDESTE,São Paulo,PIRACICABA,"130368,00",230016,"134176,000",58
07/2025,ZEG BIOGÁS AROEIRA SPE LTDA.,46569957000154,SUDESTE,Minas Gerais,TUPACIGUARA,"16912,00",30626,"2196,000",7
07/2025,ESSENCIS BIOMETANO S.A.,48119972000126,SUDESTE,São Paulo,CAIEIRAS,"67200,00",139680,"61360,000",44
07/2025,ORIZON BIOMETANO JABOATÃO DOS GUARARAPES LIMITADA,49909303000110,NORDESTE,Pernambuco,JABOATAO DOS GUARARAPES,"108931,00",240000,"0,000",0
06/2025,ADECOAGRO VALE DO IVINHEMA S.A.,07903169001768,CENTRO OESTE,Mato Grosso do Sul,IVINHEMA,"8000,00",12000,"0,000",0
06/2025,GÁS VERDE S.A.,11131464000587,SUDESTE,Rio de Janeiro,SEROPEDICA,"204000,00",480000,"477851,000",100
06/2025,GEO ELÉTRICA TAMBOARA BIOENERGIA LTDA,12415018000214,SUL,Paraná,TAMBOARA,"31200,00",84000,"6121,000",7
06/2025,COCAL ENERGIA S.A.,14788495000170,SUDESTE,São Paulo,NARANDIBA,"27112,00",51600,"24,000",0
06/2025,GNR DOIS ARCOS VALORIZAÇÃO DE BIOGÁS LTDA.,17173460000203,SUDESTE,Rio de Janeiro,SAO PEDRO DA ALDEIA,"18480,00",36000,"15587,000",43
06/2025,ENGEP AMBIENTAL LTDA,17354555000215,SUDESTE,São Paulo,JAMBEIRO,"30000,00",84000,"22476,000",27
06/2025,GNR FORTALEZA VALORIZAÇÃO DE BIOGÁS LTDA.,20287659000188,NORDESTE,Ceará,CAUCAIA,"110000,00",300000,"119401,000",40
06/2025,CRI GEO BIOGAS S.A.,38615333000106,SUDESTE,São Paulo,ELIAS FAUSTO,"23694,00",60629,"9262,000",15
06/2025,METAGÁS BIOGÁS E ENERGIA S.A,43943079000105,SUDESTE,São Paulo,SAO PAULO,"30000,00",60000,"12418,000",21
06/2025,RAÍZEN-GEO BIOGÁS COSTA PINTO LTDA.,45281972000130,SUDESTE,São Paulo,PIRACICABA,"130368,00",230016,"98219,000",43
06/2025,ZEG BIOGÁS AROEIRA SPE LTDA.,46569957000154,SUDESTE,Minas Gerais,TUPACIGUARA,"16912,00",30626,"0,000",0
06/2025,ESSENCIS BIOMETANO S.A.,48119972000126,SUDESTE,São Paulo,CAIEIRAS,"67200,00",139680,"63043,000",45
05/2025,ADECOAGRO VALE DO IVINHEMA S.A.,07903169001768,CENTRO OESTE,Mato Grosso do Sul,IVINHEMA,"8000,00",12000,"0,000",0
05/2025,GÁS VERDE S.A.,11131464000587,SUDESTE,Rio de Janeiro,SEROPEDICA,"204000,00",480000,"384000,000",80
05/2025,GEO ELÉTRICA TAMBOARA BIOENERGIA LTDA,12415018000214,SUL,Paraná,TAMBOARA,"31200,00",84000,"22972,000",27
05/2025,COCAL ENERGIA S.A.,14788495000170,SUDESTE,São Paulo,NARANDIBA,"27112,00",51600,"17,000",0
05/2025,GNR DOIS ARCOS VALORIZAÇÃO DE BIOGÁS LTDA.,17173460000203,SUDESTE,Rio de Janeiro,SAO PEDRO DA ALDEIA,"18480,00",36000,"26796,000",74
05/2025,ENGEP AMBIENTAL LTDA,17354555000215,SUDESTE,São Paulo,JAMBEIRO,"30000,00",84000,"28641,000",34
05/2025,GNR FORTALEZA VALORIZAÇÃO DE BIOGÁS LTDA.,20287659000188,NORDESTE,Ceará,CAUCAIA,"110000,00",300000,"124337,000",41
05/2025,CRI GEO BIOGAS S.A.,38615333000106,SUDESTE,São Paulo,ELIAS FAUSTO,"23694,00",60629,"7519,000",12
05/2025,METAGÁS BIOGÁS E ENERGIA S.A,43943079000105,SUDESTE,São Paulo,SAO PAULO,"30000,00",60000,"10762,000",18
05/2025,RAÍZEN-GEO BIOGÁS COSTA PINTO LTDA.,45281972000130,SUDESTE,São Paulo,PIRACICABA,"130368,00",230016,"84672,000",37
05/2025,ZEG BIOGÁS AROEIRA SPE LTDA.,46569957000154,SUDESTE,Minas Gerais,TUPACIGUARA,"16912,00",30626,"173,000",1
05/2025,ESSENCIS BIOMETANO S.A.,48119972000126,SUDESTE,São Paulo,CAIEIRAS,"67200,00",139680,"64973,000",47
04/2025,ADECOAGRO VALE DO IVINHEMA S.A.,07903169001768,CENTRO OESTE,Mato Grosso do Sul,IVINHEMA,"8000,00",12000,"0,000",0
04/2025,GÁS VERDE S.A.,11131464000587,SUDESTE,Rio de Janeiro,SEROPEDICA,"204000,00",480000,"384000,000",80
04/2025,GEO ELÉTRICA TAMBOARA BIOENERGIA LTDA,12415018000214,SUL,Paraná,TAMBOARA,"31200,00",84000,"22382,000",27
04/2025,COCAL ENERGIA S.A.,14788495000170,SUDESTE,São Paulo,NARANDIBA,"27112,00",51600,"19,000",0
04/2025,GNR DOIS ARCOS VALORIZAÇÃO DE BIOGÁS LTDA.,17173460000203,SUDESTE,Rio de Janeiro,SAO PEDRO DA ALDEIA,"18480,00",36000,"27160,000",75
04/2025,ENGEP AMBIENTAL LTDA,17354555000215,SUDESTE,São Paulo,JAMBEIRO,"30000,00",84000,"31378,000",37
04/2025,GNR FORTALEZA VALORIZAÇÃO DE BIOGÁS LTDA.,20287659000188,NORDESTE,Ceará,CAUCAIA,"110000,00",300000,"128379,000",43
04/2025,CRI GEO BIOGAS S.A.,38615333000106,SUDESTE,São Paulo,ELIAS FAUSTO,"23694,00",60629,"0,000",0
04/2025,METAGÁS BIOGÁS E ENERGIA S.A,43943079000105,SUDESTE,São Paulo,SAO PAULO,"30000,00",60000,"6987,000",12
04/2025,RAÍZEN-GEO BIOGÁS COSTA PINTO LTDA.,45281972000130,SUDESTE,São Paulo,PIRACICABA,"130368,00",230016,"18508,000",8
04/2025,ZEG BIOGÁS AROEIRA SPE LTDA.,46569957000154,SUDESTE,Minas Gerais,TUPACIGUARA,"16912,00",30626,"24,000",0
04/2025,ESSENCIS BIOMETANO S.A.,48119972000126,SUDESTE,São Paulo,CAIEIRAS,"67200,00",139680,"59521,000",43
03/2025,ADECOAGRO VALE DO IVINHEMA S.A.,07903169001768,CENTRO OESTE,Mato Grosso do Sul,IVINHEMA,"8000,00",12000,"0,000",0
03/2025,GÁS VERDE S.A.,11131464000587,SUDESTE,Rio de Janeiro,SEROPEDICA,"204000,00",480000,"359781,000",75
03/2025,GEO ELÉTRICA TAMBOARA BIOENERGIA LTDA,12415018000214,SUL,Paraná,TAMBOARA,"31200,00",84000,"29845,000",36
03/2025,COCAL ENERGIA S.A.,14788495000170,SUDESTE,São Paulo,NARANDIBA,"27112,00",51600,"26,000",0
03/2025,GNR DOIS ARCOS VALORIZAÇÃO DE BIOGÁS LTDA.,17173460000203,SUDESTE,Rio de Janeiro,SAO PEDRO DA ALDEIA,"18480,00",36000,"31664,000",88
03/2025,ENGEP AMBIENTAL LTDA,17354555000215,SUDESTE,São Paulo,JAMBEIRO,"30000,00",84000,"7368,000",9
03/2025,GNR FORTALEZA VALORIZAÇÃO DE BIOGÁS LTDA.,20287659000188,NORDESTE,Ceará,CAUCAIA,"110000,00",300000,"133359,000",44
03/2025,CRI GEO BIOGAS S.A.,38615333000106,SUDESTE,São Paulo,ELIAS FAUSTO,"23694,00",60629,"0,000",0
03/2025,METAGÁS BIOGÁS E ENERGIA S.A,43943079000105,SUDESTE,São Paulo,SAO PAULO,"30000,00",60000,"4705,000",8
03/2025,RAÍZEN-GEO BIOGÁS COSTA PINTO LTDA.,45281972000130,SUDESTE,São Paulo,PIRACICABA,"130368,00",230016,"1929,000",1
03/2025,ZEG BIOGÁS AROEIRA SPE LTDA.,46569957000154,SUDESTE,Minas Gerais,TUPACIGUARA,"16912,00",30626,"0,000",0
03/2025,ESSENCIS BIOMETANO S.A.,48119972000126,SUDESTE,São Paulo,CAIEIRAS,"67200,00",139680,"57001,000",41
02/2025,ADECOAGRO VALE DO IVINHEMA S.A.,07903169001768,CENTRO OESTE,Mato Grosso do Sul,IVINHEMA,"8000,00",12000,"0,000",0
02/2025,GÁS VERDE S.A.,11131464000587,SUDESTE,Rio de Janeiro,SEROPEDICA,"204000,00",480000,"393692,000",82
02/2025,GEO ELÉTRICA TAMBOARA BIOENERGIA LTDA,12415018000214,SUL,Paraná,TAMBOARA,"31200,00",84000,"0,000",0
02/2025,COCAL ENERGIA S.A.,14788495000170,SUDESTE,São Paulo,NARANDIBA,"27112,00",51600,"23,000",0
02/2025,GNR DOIS ARCOS VALORIZAÇÃO DE BIOGÁS LTDA.,17173460000203,SUDESTE,Rio de Janeiro,SAO PEDRO DA ALDEIA,"18480,00",36000,"33884,000",94
02/2025,ENGEP AMBIENTAL LTDA,17354555000215,SUDESTE,São Paulo,JAMBEIRO,"30000,00",84000,"32342,000",39
02/2025,GNR FORTALEZA VALORIZAÇÃO DE BIOGÁS LTDA.,20287659000188,NORDESTE,Ceará,CAUCAIA,"110000,00",300000,"136008,000",45
02/2025,CRI GEO BIOGAS S.A.,38615333000106,SUDESTE,São Paulo,ELIAS FAUSTO,"23694,00",60629,"0,000",0
02/2025,METAGÁS BIOGÁS E ENERGIA S.A,43943079000105,SUDESTE,São Paulo,SAO PAULO,"30000,00",60000,"2723,000",5
02/2025,RAÍZEN-GEO BIOGÁS COSTA PINTO LTDA.,45281972000130,SUDESTE,São Paulo,PIRACICABA,"130368,00",230016,"0,000",0
02/2025,ESSENCIS BIOMETANO S.A.,48119972000126,SUDESTE,São Paulo,CAIEIRAS,"67200,00",139680,"57270,000",41
01/2025,ADECOAGRO VALE DO IVINHEMA S.A.,07903169001768,CENTRO OESTE,Mato Grosso do Sul,IVINHEMA,"8000,00",12000,"0,000",0
01/2025,GÁS VERDE S.A.,11131464000587,SUDESTE,Rio de Janeiro,SEROPEDICA,"204000,00",480000,"387298,000",81
01/2025,GEO ELÉTRICA TAMBOARA BIOENERGIA LTDA,12415018000214,SUL,Paraná,TAMBOARA,"31200,00",84000,"0,000",0
01/2025,COCAL ENERGIA S.A.,14788495000170,SUDESTE,São Paulo,NARANDIBA,"27112,00",51600,"22,000",0
01/2025,GNR DOIS ARCOS VALORIZAÇÃO DE BIOGÁS LTDA.,17173460000203,SUDESTE,Rio de Janeiro,SAO PEDRO DA ALDEIA,"18480,00",36000,"32554,000",90
01/2025,ENGEP AMBIENTAL LTDA,17354555000215,SUDESTE,São Paulo,JAMBEIRO,"30000,00",84000,"30040,000",36
01/2025,GNR FORTALEZA VALORIZAÇÃO DE BIOGÁS LTDA.,20287659000188,NORDESTE,Ceará,CAUCAIA,"110000,00",300000,"118542,000",40
01/2025,METAGÁS BIOGÁS E ENERGIA S.A,43943079000105,SUDESTE,São Paulo,SAO PAULO,"30000,00",60000,"7574,000",13
01/2025,RAÍZEN-GEO BIOGÁS COSTA PINTO LTDA.,45281972000130,SUDESTE,São Paulo,PIRACICABA,"130368,00",230016,"20965,000",9
01/2025,ESSENCIS BIOMETANO S.A.,48119972000126,SUDESTE,São Paulo,CAIEIRAS,"67200,00",139680,"51869,000",37
12/2024,ADECOAGRO VALE DO IVINHEMA S.A.,07903169001768,CENTRO OESTE,Mato Grosso do Sul,IVINHEMA,"8000,00",12000,"0,000",0
12/2024,GÁS VERDE S.A.,11131464000587,SUDESTE,Rio de Janeiro,SEROPEDICA,"204000,00",480000,"384000,000",80
12/2024,GEO ELÉTRICA TAMBOARA BIOENERGIA LTDA,12415018000214,SUL,Paraná,TAMBOARA,"31200,00",84000,"0,000",0
12/2024,COCAL ENERGIA S.A.,14788495000170,SUDESTE,São Paulo,NARANDIBA,"27112,00",51600,"16,000",0
12/2024,GNR DOIS ARCOS VALORIZAÇÃO DE BIOGÁS LTDA.,17173460000203,SUDESTE,Rio de Janeiro,SAO PEDRO DA ALDEIA,"16000,00",30672,"30847,000",101
12/2024,ENGEP AMBIENTAL LTDA,17354555000215,SUDESTE,São Paulo,JAMBEIRO,"30000,00",84000,"35109,000",42
12/2024,GNR FORTALEZA VALORIZAÇÃO DE BIOGÁS LTDA.,20287659000188,NORDESTE,Ceará,CAUCAIA,"110000,00",300000,"142941,000",48
12/2024,METAGÁS BIOGÁS E ENERGIA S.A,43943079000105,SUDESTE,São Paulo,SAO PAULO,"30000,00",60000,"1062,000",2
12/2024,RAÍZEN-GEO BIOGÁS COSTA PINTO LTDA.,45281972000130,SUDESTE,São Paulo,PIRACICABA,"130368,00",230016,"35124,000",15
12/2024,ESSENCIS BIOMETANO S.A.,48119972000126,SUDESTE,São Paulo,CAIEIRAS,"67200,00",139680,"54536,000",39
11/2024,GÁS VERDE S.A.,11131464000587,SUDESTE,Rio de Janeiro,SEROPEDICA,"204000,00",480000,"401209,000",84
11/2024,COCAL ENERGIA S.A.,14788495000170,SUDESTE,São Paulo,NARANDIBA,"27112,00",51600,"26,000",0
11/2024,GNR DOIS ARCOS VALORIZAÇÃO DE BIOGÁS LTDA.,17173460000203,SUDESTE,Rio de Janeiro,SAO PEDRO DA ALDEIA,"16000,00",30672,"33698,000",110
11/2024,ENGEP AMBIENTAL LTDA,17354555000215,SUDESTE,São Paulo,JAMBEIRO,"30000,00",84000,"16554,000",20
11/2024,GNR FORTALEZA VALORIZAÇÃO DE BIOGÁS LTDA.,20287659000188,NORDESTE,Ceará,CAUCAIA,"110000,00",300000,"130489,000",43
11/2024,METAGÁS BIOGÁS E ENERGIA S.A,43943079000105,SUDESTE,São Paulo,SAO PAULO,"30000,00",60000,"1754,000",3
11/2024,RAÍZEN-GEO BIOGÁS COSTA PINTO LTDA.,45281972000130,SUDESTE,São Paulo,PIRACICABA,"130368,00",230016,"41240,000",18
11/2024,ESSENCIS BIOMETANO S.A.,48119972000126,SUDESTE,São Paulo,CAIEIRAS,"67200,00",139680,"48341,000",35
10/2024,GÁS VERDE S.A.,11131464000587,SUDESTE,Rio de Janeiro,SEROPEDICA,"204000,00",480000,"384000,000",80
10/2024,COCAL ENERGIA S.A.,14788495000170,SUDESTE,São Paulo,NARANDIBA,"27112,00",51600,"20,000",0
10/2024,GNR DOIS ARCOS VALORIZAÇÃO DE BIOGÁS LTDA.,17173460000203,SUDESTE,Rio de Janeiro,SAO PEDRO DA ALDEIA,"16000,00",30672,"28835,000",94
10/2024,ENGEP AMBIENTAL LTDA,17354555000215,SUDESTE,São Paulo,JAMBEIRO,"30000,00",84000,"29983,000",36
10/2024,GNR FORTALEZA VALORIZAÇÃO DE BIOGÁS LTDA.,20287659000188,NORDESTE,Ceará,CAUCAIA,"110000,00",300000,"166141,000",55
10/2024,METAGÁS BIOGÁS E ENERGIA S.A,43943079000105,SUDESTE,São Paulo,SAO PAULO,"30000,00",60000,"4090,000",7
10/2024,RAÍZEN-GEO BIOGÁS COSTA PINTO LTDA.,45281972000130,SUDESTE,São Paulo,PIRACICABA,"130368,00",230016,"47775,000",21
10/2024,ESSENCIS BIOMETANO S.A.,48119972000126,SUDESTE,São Paulo,CAIEIRAS,"67200,00",139680,"25516,000",18
09/2024,GÁS VERDE S.A.,11131464000587,SUDESTE,Rio de Janeiro,SEROPEDICA,"204000,00",480000,"383238,000",80
09/2024,COCAL ENERGIA S.A.,14788495000170,SUDESTE,São Paulo,NARANDIBA,"27112,00",51600,"28,000",0
09/2024,GNR DOIS ARCOS VALORIZAÇÃO DE BIOGÁS LTDA.,17173460000203,SUDESTE,Rio de Janeiro,SAO PEDRO DA ALDEIA,"16000,00",30672,"29872,000",97
09/2024,ENGEP AMBIENTAL LTDA,17354555000215,SUDESTE,São Paulo,JAMBEIRO,"30000,00",84000,"25542,000",30
09/2024,GNR FORTALEZA VALORIZAÇÃO DE BIOGÁS LTDA.,20287659000188,NORDESTE,Ceará,CAUCAIA,"110000,00",300000,"153705,000",51
09/2024,METAGÁS BIOGÁS E ENERGIA S.A,43943079000105,SUDESTE,São Paulo,SAO PAULO,"30000,00",60000,"7487,000",12
09/2024,RAÍZEN-GEO BIOGÁS COSTA PINTO LTDA.,45281972000130,SUDESTE,São Paulo,PIRACICABA,"130368,00",230016,"11129,000",5
09/2024,ESSENCIS BIOMETANO S.A.,48119972000126,SUDESTE,São Paulo,CAIEIRAS,"67200,00",139680,"0,000",0
08/2024,GÁS VERDE S.A.,11131464000587,SUDESTE,Rio de Janeiro,SEROPEDICA,"204000,00",480000,"387082,000",81
08/2024,COCAL ENERGIA S.A.,14788495000170,SUDESTE,São Paulo,NARANDIBA,"27112,00",51600,"30,000",0
08/2024,GNR DOIS ARCOS VALORIZAÇÃO DE BIOGÁS LTDA.,17173460000203,SUDESTE,Rio de Janeiro,SAO PEDRO DA ALDEIA,"16000,00",30672,"29955,000",98
08/2024,ENGEP AMBIENTAL LTDA,17354555000215,SUDESTE,São Paulo,JAMBEIRO,"30000,00",84000,"28053,000",33
08/2024,GNR FORTALEZA VALORIZAÇÃO DE BIOGÁS LTDA.,20287659000188,NORDESTE,Ceará,CAUCAIA,"110000,00",300000,"159502,000",53
08/2024,METAGÁS BIOGÁS E ENERGIA S.A,43943079000105,SUDESTE,São Paulo,SAO PAULO,"30000,00",60000,"6389,000",11
08/2024,RAÍZEN-GEO BIOGÁS COSTA PINTO LTDA.,45281972000130,SUDESTE,São Paulo,PIRACICABA,"130368,00",230016,"0,000",0
07/2024,GÁS VERDE S.A.,11131464000587,SUDESTE,Rio de Janeiro,SEROPEDICA,"204000,00",480000,"387251,000",81
07/2024,COCAL ENERGIA S.A.,14788495000170,SUDESTE,São Paulo,NARANDIBA,"27112,00",51600,"25,000",0
07/2024,GNR DOIS ARCOS VALORIZAÇÃO DE BIOGÁS LTDA.,17173460000203,SUDESTE,Rio de Janeiro,SAO PEDRO DA ALDEIA,"16000,00",30672,"22852,000",75
07/2024,ENGEP AMBIENTAL LTDA,17354555000215,SUDESTE,São Paulo,JAMBEIRO,"30000,00",84000,"20593,000",25
07/2024,GNR FORTALEZA VALORIZAÇÃO DE BIOGÁS LTDA.,20287659000188,NORDESTE,Ceará,CAUCAIA,"110000,00",300000,"190672,000",64
07/2024,METAGÁS BIOGÁS E ENERGIA S.A,43943079000105,SUDESTE,São Paulo,SAO PAULO,"30000,00",60000,"4598,000",8
06/2024,GÁS VERDE S.A.,11131464000587,SUDESTE,Rio de Janeiro,SEROPEDICA,"204000,00",480000,"408202,000",85
06/2024,COCAL ENERGIA S.A.,14788495000170,SUDESTE,São Paulo,NARANDIBA,"27112,00",51600,"21,000",0
06/2024,GNR DOIS ARCOS VALORIZAÇÃO DE BIOGÁS LTDA.,17173460000203,SUDESTE,Rio de Janeiro,SAO PEDRO DA ALDEIA,"16000,00",30672,"18911,000",62
06/2024,ENGEP AMBIENTAL LTDA,17354555000215,SUDESTE,São Paulo,JAMBEIRO,"30000,00",84000,"16131,000",19
06/2024,GNR FORTALEZA VALORIZAÇÃO DE BIOGÁS LTDA.,20287659000188,NORDESTE,Ceará,CAUCAIA,"110000,00",300000,"178688,000",60
06/2024,METAGÁS BIOGÁS E ENERGIA S.A,43943079000105,SUDESTE,São Paulo,SAO PAULO,"30000,00",60000,"4600,000",8
05/2024,GÁS VERDE S.A.,11131464000587,SUDESTE,Rio de Janeiro,SEROPEDICA,"204000,00",480000,"404549,000",84
05/2024,COCAL ENERGIA S.A.,14788495000170,SUDESTE,São Paulo,NARANDIBA,"27112,00",51600,"20,000",0
05/2024,GNR DOIS ARCOS VALORIZAÇÃO DE BIOGÁS LTDA.,17173460000203,SUDESTE,Rio de Janeiro,SAO PEDRO DA ALDEIA,"16000,00",30672,"26063,000",85
05/2024,ENGEP AMBIENTAL LTDA,17354555000215,SUDESTE,São Paulo,JAMBEIRO,"30000,00",84000,"32028,000",38
05/2024,GNR FORTALEZA VALORIZAÇÃO DE BIOGÁS LTDA.,20287659000188,NORDESTE,Ceará,CAUCAIA,"110000,00",300000,"177583,000",59
05/2024,METAGÁS BIOGÁS E ENERGIA S.A,43943079000105,SUDESTE,São Paulo,SAO PAULO,"30000,00",60000,"5689,000",9
04/2024,GÁS VERDE S.A.,11131464000587,SUDESTE,Rio de Janeiro,SEROPEDICA,"204000,00",480000,"382071,000",80
04/2024,COCAL ENERGIA S.A.,14788495000170,SUDESTE,São Paulo,NARANDIBA,"27112,00",51600,"19,000",0
04/2024,GNR DOIS ARCOS VALORIZAÇÃO DE BIOGÁS LTDA.,17173460000203,SUDESTE,Rio de Janeiro,SAO PEDRO DA ALDEIA,"16000,00",30672,"25338,000",83
04/2024,ENGEP AMBIENTAL LTDA,17354555000215,SUDESTE,São Paulo,JAMBEIRO,"30000,00",84000,"23571,000",28
04/2024,GNR FORTALEZA VALORIZAÇÃO DE BIOGÁS LTDA.,20287659000188,NORDESTE,Ceará,CAUCAIA,"110000,00",300000,"170335,000",57
04/2024,METAGÁS BIOGÁS E ENERGIA S.A,43943079000105,SUDESTE,São Paulo,SAO PAULO,"30000,00",60000,"9644,000",16
03/2024,GÁS VERDE S.A.,11131464000587,SUDESTE,Rio de Janeiro,SEROPEDICA,"204000,00",480000,"401445,000",84
03/2024,COCAL ENERGIA S.A.,14788495000170,SUDESTE,São Paulo,NARANDIBA,"27112,00",51600,"21,000",0
03/2024,GNR DOIS ARCOS VALORIZAÇÃO DE BIOGÁS LTDA.,17173460000203,SUDESTE,Rio de Janeiro,SAO PEDRO DA ALDEIA,"16000,00",30672,"21701,000",71
03/2024,ENGEP AMBIENTAL LTDA,17354555000215,SUDESTE,São Paulo,JAMBEIRO,"30000,00",84000,"33036,000",39
03/2024,GNR FORTALEZA VALORIZAÇÃO DE BIOGÁS LTDA.,20287659000188,NORDESTE,Ceará,CAUCAIA,"110000,00",300000,"179658,000",60
03/2024,METAGÁS BIOGÁS E ENERGIA S.A,43943079000105,SUDESTE,São Paulo,SAO PAULO,"30000,00",60000,"8030,000",13
02/2024,GÁS VERDE S.A.,11131464000587,SUDESTE,Rio de Janeiro,SEROPEDICA,"204000,00",480000,"398982,000",83
02/2024,COCAL ENERGIA S.A.,14788495000170,SUDESTE,São Paulo,NARANDIBA,"27112,00",51600,"22,000",0
02/2024,GNR DOIS ARCOS VALORIZAÇÃO DE BIOGÁS LTDA.,17173460000203,SUDESTE,Rio de Janeiro,SAO PEDRO DA ALDEIA,"16000,00",30672,"26889,000",88
02/2024,ENGEP AMBIENTAL LTDA,17354555000215,SUDESTE,São Paulo,JAMBEIRO,"30000,00",84000,"28541,000",34
02/2024,GNR FORTALEZA VALORIZAÇÃO DE BIOGÁS LTDA.,20287659000188,NORDESTE,Ceará,CAUCAIA,"110000,00",300000,"137572,000",46
02/2024,METAGÁS BIOGÁS E ENERGIA S.A,43943079000105,SUDESTE,São Paulo,SAO PAULO,"30000,00",60000,"6928,000",12
01/2024,GÁS VERDE S.A.,11131464000587,SUDESTE,Rio de Janeiro,SEROPEDICA,"204000,00",480000,"392325,000",82
01/2024,COCAL ENERGIA S.A.,14788495000170,SUDESTE,São Paulo,NARANDIBA,"27112,00",51600,"17,000",0
01/2024,GNR DOIS ARCOS VALORIZAÇÃO DE BIOGÁS LTDA.,17173460000203,SUDESTE,Rio de Janeiro,SAO PEDRO DA ALDEIA,"16000,00",30672,"24494,000",80
01/2024,ENGEP AMBIENTAL LTDA,17354555000215,SUDESTE,São Paulo,JAMBEIRO,"30000,00",84000,"41578,000",49
01/2024,GNR FORTALEZA VALORIZAÇÃO DE BIOGÁS LTDA.,20287659000188,NORDESTE,Ceará,CAUCAIA,"110000,00",300000,"127377,000",42
01/2024,METAGÁS BIOGÁS E ENERGIA S.A,43943079000105,SUDESTE,São Paulo,SAO PAULO,"30000,00",60000,"6252,000",10
12/2023,GÁS VERDE S.A.,11131464000587,SUDESTE,Rio de Janeiro,SEROPEDICA,"204000,00",480000,"385343,000",80
12/2023,COCAL ENERGIA S.A.,14788495000170,SUDESTE,São Paulo,NARANDIBA,"27112,00",51600,"16,000",0
12/2023,GNR DOIS ARCOS VALORIZAÇÃO DE BIOGÁS LTDA.,17173460000203,SUDESTE,Rio de Janeiro,SAO PEDRO DA ALDEIA,"16000,00",30672,"27949,000",91
12/2023,ENGEP AMBIENTAL LTDA,17354555000215,SUDESTE,São Paulo,JAMBEIRO,"30000,00",84000,"24113,000",29
12/2023,GNR FORTALEZA VALORIZAÇÃO DE BIOGÁS LTDA.,20287659000188,NORDESTE,Ceará,CAUCAIA,"110000,00",300000,"120902,000",40
12/2023,METAGÁS BIOGÁS E ENERGIA S.A,43943079000105,SUDESTE,São Paulo,SAO PAULO,"30000,00",60000,"7702,000",13
11/2023,GÁS VERDE S.A.,11131464000587,SUDESTE,Rio de Janeiro,SEROPEDICA,"204000,00",480000,"384000,000",80
11/2023,COCAL ENERGIA S.A.,14788495000170,SUDESTE,São Paulo,NARANDIBA,"27112,00",51600,"19,000",0
11/2023,GNR DOIS ARCOS VALORIZAÇÃO DE BIOGÁS LTDA.,17173460000203,SUDESTE,Rio de Janeiro,SAO PEDRO DA ALDEIA,"16000,00",30672,"29075,000",95
11/2023,ENGEP AMBIENTAL LTDA,17354555000215,SUDESTE,São Paulo,JAMBEIRO,"30000,00",84000,"23839,000",28
11/2023,GNR FORTALEZA VALORIZAÇÃO DE BIOGÁS LTDA.,20287659000188,NORDESTE,Ceará,CAUCAIA,"110000,00",300000,"125553,000",42
11/2023,METAGÁS BIOGÁS E ENERGIA S.A,43943079000105,SUDESTE,São Paulo,SAO PAULO,"30000,00",60000,"11188,000",19
10/2023,GÁS VERDE S.A.,11131464000587,SUDESTE,Rio de Janeiro,SEROPEDICA,"204000,00",480000,"385145,000",80
10/2023,COCAL ENERGIA S.A.,14788495000170,SUDESTE,São Paulo,NARANDIBA,"27112,00",51600,"17,000",0
10/2023,GNR DOIS ARCOS VALORIZAÇÃO DE BIOGÁS LTDA.,17173460000203,SUDESTE,Rio de Janeiro,SAO PEDRO DA ALDEIA,"16000,00",30672,"28972,000",94
10/2023,ENGEP AMBIENTAL LTDA,17354555000215,SUDESTE,São Paulo,JAMBEIRO,"30000,00",84000,"26740,000",32
10/2023,GNR FORTALEZA VALORIZAÇÃO DE BIOGÁS LTDA.,20287659000188,NORDESTE,Ceará,CAUCAIA,"110000,00",300000,"140526,000",47
10/2023,METAGÁS BIOGÁS E ENERGIA S.A,43943079000105,SUDESTE,São Paulo,SAO PAULO,"30000,00",60000,"16273,000",27
09/2023,GÁS VERDE S.A.,11131464000587,SUDESTE,Rio de Janeiro,SEROPEDICA,"204000,00",480000,"383238,000",80
09/2023,COCAL ENERGIA S.A.,14788495000170,SUDESTE,São Paulo,NARANDIBA,"27112,00",51600,"14,000",0
09/2023,GNR DOIS ARCOS VALORIZAÇÃO DE BIOGÁS LTDA.,17173460000203,SUDESTE,Rio de Janeiro,SAO PEDRO DA ALDEIA,"16000,00",30672,"28484,000",93
09/2023,ENGEP AMBIENTAL LTDA,17354555000215,SUDESTE,São Paulo,JAMBEIRO,"30000,00",84000,"23810,000",28
09/2023,GNR FORTALEZA VALORIZAÇÃO DE BIOGÁS LTDA.,20287659000188,NORDESTE,Ceará,CAUCAIA,"110000,00",300000,"138911,000",46
09/2023,METAGÁS BIOGÁS E ENERGIA S.A,43943079000105,SUDESTE,São Paulo,SAO PAULO,"30000,00",60000,"15493,000",26
08/2023,GÁS VERDE S.A.,11131464000587,SUDESTE,Rio de Janeiro,SEROPEDICA,"204000,00",480000,"397119,000",83
08/2023,COCAL ENERGIA S.A.,14788495000170,SUDESTE,São Paulo,NARANDIBA,"27112,00",51600,"3,000",0
08/2023,GNR DOIS ARCOS VALORIZAÇÃO DE BIOGÁS LTDA.,17173460000203,SUDESTE,Rio de Janeiro,SAO PEDRO DA ALDEIA,"16000,00",30672,"28635,000",93
08/2023,ENGEP AMBIENTAL LTDA,17354555000215,SUDESTE,São Paulo,JAMBEIRO,"30000,00",84000,"29549,000",35
08/2023,GNR FORTALEZA VALORIZAÇÃO DE BIOGÁS LTDA.,20287659000188,NORDESTE,Ceará,CAUCAIA,"110000,00",300000,"146695,000",49
08/2023,METAGÁS BIOGÁS E ENERGIA S.A,43943079000105,SUDESTE,São Paulo,SAO PAULO,"30000,00",60000,"12930,000",22
07/2023,GÁS VERDE S.A.,11131464000587,SUDESTE,Rio de Janeiro,SEROPEDICA,"204000,00",480000,"403565,000",84
07/2023,COCAL ENERGIA S.A.,14788495000170,SUDESTE,São Paulo,NARANDIBA,"27112,00",51600,"2,000",0
07/2023,GNR DOIS ARCOS VALORIZAÇÃO DE BIOGÁS LTDA.,17173460000203,SUDESTE,Rio de Janeiro,SAO PEDRO DA ALDEIA,"16000,00",30672,"28933,000",94
07/2023,ENGEP AMBIENTAL LTDA,17354555000215,SUDESTE,São Paulo,JAMBEIRO,"30000,00",84000,"26544,000",32
07/2023,GNR FORTALEZA VALORIZAÇÃO DE BIOGÁS LTDA.,20287659000188,NORDESTE,Ceará,CAUCAIA,"110000,00",300000,"152892,000",51
07/2023,METAGÁS BIOGÁS E ENERGIA S.A,43943079000105,SUDESTE,São Paulo,SAO PAULO,"30000,00",60000,"9205,000",15
06/2023,GÁS VERDE S.A.,11131464000587,SUDESTE,Rio de Janeiro,SEROPEDICA,"204000,00",480000,"392669,000",82
06/2023,COCAL ENERGIA S.A.,14788495000170,SUDESTE,São Paulo,NARANDIBA,"27112,00",51600,"3,000",0
06/2023,GNR DOIS ARCOS VALORIZAÇÃO DE BIOGÁS LTDA.,17173460000203,SUDESTE,Rio de Janeiro,SAO PEDRO DA ALDEIA,"16000,00",30672,"26873,000",88
06/2023,ENGEP AMBIENTAL LTDA,17354555000215,SUDESTE,São Paulo,JAMBEIRO,"30000,00",84000,"27857,000",33
06/2023,GNR FORTALEZA VALORIZAÇÃO DE BIOGÁS LTDA.,20287659000188,NORDESTE,Ceará,CAUCAIA,"110000,00",300000,"150966,000",50
06/2023,METAGÁS BIOGÁS E ENERGIA S.A,43943079000105,SUDESTE,São Paulo,SAO PAULO,"30000,00",60000,"15541,000",26
05/2023,GÁS VERDE S.A.,11131464000587,SUDESTE,Rio de Janeiro,SEROPEDICA,"204000,00",480000,"393751,000",82
05/2023,COCAL ENERGIA S.A.,14788495000170,SUDESTE,São Paulo,NARANDIBA,"27112,00",51600,"3,000",0
05/2023,GNR DOIS ARCOS VALORIZAÇÃO DE BIOGÁS LTDA.,17173460000203,SUDESTE,Rio de Janeiro,SAO PEDRO DA ALDEIA,"16000,00",30672,"28774,000",94
05/2023,ENGEP AMBIENTAL LTDA,17354555000215,SUDESTE,São Paulo,JAMBEIRO,"30000,00",84000,"944,000",1
05/2023,GNR FORTALEZA VALORIZAÇÃO DE BIOGÁS LTDA.,20287659000188,NORDESTE,Ceará,CAUCAIA,"110000,00",300000,"172323,000",57
05/2023,METAGÁS BIOGÁS E ENERGIA S.A,43943079000105,SUDESTE,São Paulo,SAO PAULO,"30000,00",60000,"16298,000",27
04/2023,GÁS VERDE S.A.,11131464000587,SUDESTE,Rio de Janeiro,SEROPEDICA,"204000,00",480000,"410954,000",86
04/2023,COCAL ENERGIA S.A.,14788495000170,SUDESTE,São Paulo,NARANDIBA,"27112,00",51600,"2,000",0
04/2023,GNR DOIS ARCOS VALORIZAÇÃO DE BIOGÁS LTDA.,17173460000203,SUDESTE,Rio de Janeiro,SAO PEDRO DA ALDEIA,"16000,00",30672,"24021,000",78
04/2023,ENGEP AMBIENTAL LTDA,17354555000215,SUDESTE,São Paulo,JAMBEIRO,"30000,00",84000,"0,000",0
04/2023,GNR FORTALEZA VALORIZAÇÃO DE BIOGÁS LTDA.,20287659000188,NORDESTE,Ceará,CAUCAIA,"110000,00",300000,"174104,000",58
04/2023,METAGÁS BIOGÁS E ENERGIA S.A,43943079000105,SUDESTE,São Paulo,SAO PAULO,"30000,00",60000,"5243,000",9
03/2023,GÁS VERDE S.A.,11131464000587,SUDESTE,Rio de Janeiro,SEROPEDICA,"204000,00",480000,"432395,000",90
03/2023,COCAL ENERGIA S.A.,14788495000170,SUDESTE,São Paulo,NARANDIBA,"27112,00",51600,"2,000",0
03/2023,GNR DOIS ARCOS VALORIZAÇÃO DE BIOGÁS LTDA.,17173460000203,SUDESTE,Rio de Janeiro,SAO PEDRO DA ALDEIA,"16000,00",30672,"10656,000",35
03/2023,ENGEP AMBIENTAL LTDA,17354555000215,SUDESTE,São Paulo,JAMBEIRO,"30000,00",84000,"0,000",0
03/2023,GNR FORTALEZA VALORIZAÇÃO DE BIOGÁS LTDA.,20287659000188,NORDESTE,Ceará,CAUCAIA,"110000,00",300000,"190154,000",63
03/2023,METAGÁS BIOGÁS E ENERGIA S.A,43943079000105,SUDESTE,São Paulo,SAO PAULO,"30000,00",60000,"17169,000",29
02/2023,GÁS VERDE S.A.,11131464000587,SUDESTE,Rio de Janeiro,SEROPEDICA,"204000,00",480000,"455876,000",95
02/2023,COCAL ENERGIA S.A.,14788495000170,SUDESTE,São Paulo,NARANDIBA,"27112,00",51600,"3,000",0
02/2023,GNR DOIS ARCOS VALORIZAÇÃO DE BIOGÁS LTDA.,17173460000203,SUDESTE,Rio de Janeiro,SAO PEDRO DA ALDEIA,"16000,00",30672,"18139,000",59
02/2023,GNR FORTALEZA VALORIZAÇÃO DE BIOGÁS LTDA.,20287659000188,NORDESTE,Ceará,CAUCAIA,"110000,00",300000,"184478,000",61
02/2023,METAGÁS BIOGÁS E ENERGIA S.A,43943079000105,SUDESTE,São Paulo,SAO PAULO,"30000,00",60000,"18224,000",30
01/2023,GÁS VERDE S.A.,11131464000587,SUDESTE,Rio de Janeiro,SEROPEDICA,"204000,00",480000,"406630,000",85
01/2023,COCAL ENERGIA S.A.,14788495000170,SUDESTE,São Paulo,NARANDIBA,"27112,00",51600,"2,000",0
01/2023,GNR DOIS ARCOS VALORIZAÇÃO DE BIOGÁS LTDA.,17173460000203,SUDESTE,Rio de Janeiro,SAO PEDRO DA ALDEIA,"16000,00",30672,"12994,000",42
01/2023,GNR FORTALEZA VALORIZAÇÃO DE BIOGÁS LTDA.,20287659000188,NORDESTE,Ceará,CAUCAIA,"110000,00",300000,"171498,000",57
01/2023,METAGÁS BIOGÁS E ENERGIA S.A,43943079000105,SUDESTE,São Paulo,SAO PAULO,"30000,00",60000,"15552,000",26
12/2022,GÁS VERDE S.A.,11131464000587,SUDESTE,Rio de Janeiro,SEROPEDICA,"204000,00",480000,"417237,000",87
12/2022,COCAL ENERGIA S.A.,14788495000170,SUDESTE,São Paulo,NARANDIBA,"27112,00",51600,"3,000",0
12/2022,GNR DOIS ARCOS VALORIZAÇÃO DE BIOGÁS LTDA.,17173460000203,SUDESTE,Rio de Janeiro,SAO PEDRO DA ALDEIA,"16000,00",30672,"13629,000",44
12/2022,GNR FORTALEZA VALORIZAÇÃO DE BIOGÁS LTDA.,20287659000188,NORDESTE,Ceará,CAUCAIA,"110000,00",300000,"167111,000",56
12/2022,METAGÁS BIOGÁS E ENERGIA S.A,43943079000105,SUDESTE,São Paulo,SAO PAULO,"30000,00",60000,"13892,000",23
11/2022,GÁS VERDE S.A.,11131464000587,SUDESTE,Rio de Janeiro,SEROPEDICA,"204000,00",480000,"432929,000",90
11/2022,COCAL ENERGIA S.A.,14788495000170,SUDESTE,São Paulo,NARANDIBA,"27112,00",51600,"1,000",0
11/2022,GNR DOIS ARCOS VALORIZAÇÃO DE BIOGÁS LTDA.,17173460000203,SUDESTE,Rio de Janeiro,SAO PEDRO DA ALDEIA,"16000,00",30672,"14097,000",46
11/2022,GNR FORTALEZA VALORIZAÇÃO DE BIOGÁS LTDA.,20287659000188,NORDESTE,Ceará,CAUCAIA,"110000,00",300000,"169476,000",56
11/2022,METAGÁS BIOGÁS E ENERGIA S.A,43943079000105,SUDESTE,São Paulo,SAO PAULO,"30000,00",60000,"4486,000",7
10/2022,GÁS VERDE S.A.,11131464000587,SUDESTE,Rio de Janeiro,SEROPEDICA,"204000,00",480000,"450798,000",94
10/2022,COCAL ENERGIA S.A.,14788495000170,SUDESTE,São Paulo,NARANDIBA,"27112,00",51600,"0,000",0
10/2022,GNR DOIS ARCOS VALORIZAÇÃO DE BIOGÁS LTDA.,17173460000203,SUDESTE,Rio de Janeiro,SAO PEDRO DA ALDEIA,"16000,00",30672,"11452,000",37
10/2022,GNR FORTALEZA VALORIZAÇÃO DE BIOGÁS LTDA.,20287659000188,NORDESTE,Ceará,CAUCAIA,"110000,00",300000,"150551,000",50
10/2022,METAGÁS BIOGÁS E ENERGIA S.A,43943079000105,SUDESTE,São Paulo,SAO PAULO,"30000,00",60000,"20370,000",34
09/2022,GÁS VERDE S.A.,11131464000587,SUDESTE,Rio de Janeiro,SEROPEDICA,"204000,00",480000,"426450,000",89
09/2022,COCAL ENERGIA S.A.,14788495000170,SUDESTE,São Paulo,NARANDIBA,"27112,00",51600,"0,000",0
09/2022,GNR DOIS ARCOS VALORIZAÇÃO DE BIOGÁS LTDA.,17173460000203,SUDESTE,Rio de Janeiro,SAO PEDRO DA ALDEIA,"16000,00",30672,"12365,000",40
09/2022,GNR FORTALEZA VALORIZAÇÃO DE BIOGÁS LTDA.,20287659000188,NORDESTE,Ceará,CAUCAIA,"110000,00",300000,"154725,000",52
09/2022,METAGÁS BIOGÁS E ENERGIA S.A,43943079000105,SUDESTE,São Paulo,SAO PAULO,"30000,00",60000,"10105,000",17
08/2022,GÁS VERDE S.A.,11131464000587,SUDESTE,Rio de Janeiro,SEROPEDICA,"204000,00",480000,"413848,000",86
08/2022,COCAL ENERGIA S.A.,14788495000170,SUDESTE,São Paulo,NARANDIBA,"27112,00",51600,"2,000",0
08/2022,GNR DOIS ARCOS VALORIZAÇÃO DE BIOGÁS LTDA.,17173460000203,SUDESTE,Rio de Janeiro,SAO PEDRO DA ALDEIA,"16000,00",30672,"1775,000",6
08/2022,GNR FORTALEZA VALORIZAÇÃO DE BIOGÁS LTDA.,20287659000188,NORDESTE,Ceará,CAUCAIA,"110000,00",300000,"152957,000",51
08/2022,METAGÁS BIOGÁS E ENERGIA S.A,43943079000105,SUDESTE,São Paulo,SAO PAULO,"30000,00",60000,"4471,000",7
07/2022,GÁS VERDE S.A.,11131464000587,SUDESTE,Rio de Janeiro,SEROPEDICA,"204000,00",480000,"394781,000",82
07/2022,COCAL ENERGIA S.A.,14788495000170,SUDESTE,São Paulo,NARANDIBA,"27112,00",51600,"0,000",0
07/2022,GNR DOIS ARCOS VALORIZAÇÃO DE BIOGÁS LTDA.,17173460000203,SUDESTE,Rio de Janeiro,SAO PEDRO DA ALDEIA,"16000,00",30672,"0,000",0
07/2022,GNR FORTALEZA VALORIZAÇÃO DE BIOGÁS LTDA.,20287659000188,NORDESTE,Ceará,CAUCAIA,"110000,00",300000,"176830,000",59
07/2022,METAGÁS BIOGÁS E ENERGIA S.A,43943079000105,SUDESTE,São Paulo,SAO PAULO,"30000,00",60000,"3903,000",7
06/2022,GÁS VERDE S.A.,11131464000587,SUDESTE,Rio de Janeiro,SEROPEDICA,"204000,00",480000,"384000,000",80
06/2022,GNR DOIS ARCOS VALORIZAÇÃO DE BIOGÁS LTDA.,17173460000203,SUDESTE,Rio de Janeiro,SAO PEDRO DA ALDEIA,"16000,00",30672,"12417,000",40
06/2022,GNR FORTALEZA VALORIZAÇÃO DE BIOGÁS LTDA.,20287659000188,NORDESTE,Ceará,CAUCAIA,"110000,00",300000,"183303,000",61
06/2022,ZEG BIOGÁS E ENERGIA S.A,24025216000250,SUDESTE,São Paulo,SAO PAULO,"30000,00",60000,"0,000",0
06/2022,METAGÁS BIOGÁS E ENERGIA S.A,43943079000105,SUDESTE,São Paulo,SAO PAULO,"30000,00",60000,"0,000",0
05/2022,GÁS VERDE S.A.,11131464000587,SUDESTE,Rio de Janeiro,SEROPEDICA,"204000,00",480000,"387139,000",81
05/2022,GNR DOIS ARCOS VALORIZAÇÃO DE BIOGÁS LTDA.,17173460000203,SUDESTE,Rio de Janeiro,SAO PEDRO DA ALDEIA,"16000,00",30672,"19043,000",62
05/2022,GNR FORTALEZA VALORIZAÇÃO DE BIOGÁS LTDA.,20287659000188,NORDESTE,Ceará,CAUCAIA,"110000,00",300000,"186861,000",62
05/2022,ZEG BIOGÁS E ENERGIA S.A,24025216000250,SUDESTE,São Paulo,SAO PAULO,"30000,00",60000,"0,000",0
04/2022,GÁS VERDE S.A.,11131464000587,SUDESTE,Rio de Janeiro,SEROPEDICA,"204000,00",480000,"385875,000",80
04/2022,GNR DOIS ARCOS VALORIZAÇÃO DE BIOGÁS LTDA.,17173460000203,SUDESTE,Rio de Janeiro,SAO PEDRO DA ALDEIA,"16000,00",30672,"18750,000",61
04/2022,GNR FORTALEZA VALORIZAÇÃO DE BIOGÁS LTDA.,20287659000188,NORDESTE,Ceará,CAUCAIA,"110000,00",300000,"193729,000",65
04/2022,ZEG BIOGÁS E ENERGIA S.A,24025216000250,SUDESTE,São Paulo,SAO PAULO,"30000,00",60000,"0,000",0
03/2022,GÁS VERDE S.A.,11131464000587,SUDESTE,Rio de Janeiro,SEROPEDICA,"204000,00",480000,"384000,000",80
03/2022,GNR DOIS ARCOS VALORIZAÇÃO DE BIOGÁS LTDA.,17173460000203,SUDESTE,Rio de Janeiro,SAO PEDRO DA ALDEIA,"16000,00",30672,"15141,000",49
03/2022,GNR FORTALEZA VALORIZAÇÃO DE BIOGÁS LTDA.,20287659000188,NORDESTE,Ceará,CAUCAIA,"110000,00",300000,"165036,000",55
03/2022,ZEG BIOGÁS E ENERGIA S.A,24025216000250,SUDESTE,São Paulo,SAO PAULO,"30000,00",60000,"0,000",0
02/2022,GÁS VERDE S.A.,11131464000587,SUDESTE,Rio de Janeiro,SEROPEDICA,"204000,00",480000,"384000,000",80
02/2022,GNR DOIS ARCOS VALORIZAÇÃO DE BIOGÁS LTDA.,17173460000203,SUDESTE,Rio de Janeiro,SAO PEDRO DA ALDEIA,"16000,00",30672,"0,000",0
02/2022,GNR FORTALEZA VALORIZAÇÃO DE BIOGÁS LTDA.,20287659000188,NORDESTE,Ceará,CAUCAIA,"110000,00",300000,"177441,000",59
02/2022,ZEG BIOGÁS E ENERGIA S.A,24025216000250,SUDESTE,São Paulo,SAO PAULO,"30000,00",60000,"0,000",0
01/2022,GÁS VERDE S.A.,11131464000587,SUDESTE,Rio de Janeiro,SEROPEDICA,"204000,00",480000,"384000,000",80
01/2022,GNR DOIS ARCOS VALORIZAÇÃO DE BIOGÁS LTDA.,17173460000203,SUDESTE,Rio de Janeiro,SAO PEDRO DA ALDEIA,"16000,00",30672,"6985,000",23
01/2022,GNR FORTALEZA VALORIZAÇÃO DE BIOGÁS LTDA.,20287659000188,NORDESTE,Ceará,CAUCAIA,"110000,00",300000,"150839,000",50
01/2022,ZEG BIOGÁS E ENERGIA S.A,24025216000250,SUDESTE,São Paulo,SAO PAULO,"30000,00",60000,"0,000",0
12/2021,GÁS VERDE S.A.,11131464000587,SUDESTE,Rio de Janeiro,SEROPEDICA,"204000,00",480000,"384000,000",80
12/2021,GNR DOIS ARCOS VALORIZAÇÃO DE BIOGÁS LTDA.,17173460000203,SUDESTE,Rio de Janeiro,SAO PEDRO DA ALDEIA,"16000,00",30672,"22140,000",72
12/2021,GNR FORTALEZA VALORIZAÇÃO DE BIOGÁS LTDA.,20287659000188,NORDESTE,Ceará,CAUCAIA,"110000,00",300000,"70600,000",24
12/2021,ZEG BIOGÁS E ENERGIA S.A,24025216000250,SUDESTE,São Paulo,SAO PAULO,"30000,00",60000,"0,000",0
11/2021,GÁS VERDE S.A.,11131464000587,SUDESTE,Rio de Janeiro,SEROPEDICA,"204000,00",480000,"384000,000",80
11/2021,GNR DOIS ARCOS VALORIZAÇÃO DE BIOGÁS LTDA.,17173460000203,SUDESTE,Rio de Janeiro,SAO PEDRO DA ALDEIA,"16000,00",30672,"18685,000",61
11/2021,GNR FORTALEZA VALORIZAÇÃO DE BIOGÁS LTDA.,20287659000188,NORDESTE,Ceará,CAUCAIA,"110000,00",300000,"165776,000",55
11/2021,ZEG BIOGÁS E ENERGIA S.A,24025216000250,SUDESTE,São Paulo,SAO PAULO,"30000,00",60000,"0,000",0
10/2021,GÁS VERDE S.A.,11131464000587,SUDESTE,Rio de Janeiro,SEROPEDICA,"204000,00",480000,"382845,000",80
10/2021,GNR DOIS ARCOS VALORIZAÇÃO DE BIOGÁS LTDA.,17173460000203,SUDESTE,Rio de Janeiro,SAO PEDRO DA ALDEIA,"16000,00",30672,"17215,000",56
10/2021,GNR FORTALEZA VALORIZAÇÃO DE BIOGÁS LTDA.,20287659000188,NORDESTE,Ceará,CAUCAIA,"110000,00",300000,"172096,000",57
10/2021,ZEG BIOGÁS E ENERGIA S.A,24025216000250,SUDESTE,São Paulo,SAO PAULO,"30000,00",60000,"0,000",0
09/2021,GÁS VERDE S.A.,11131464000587,SUDESTE,Rio de Janeiro,SEROPEDICA,"204000,00",480000,"384000,000",80
09/2021,GNR DOIS ARCOS VALORIZAÇÃO DE BIOGÁS LTDA.,17173460000203,SUDESTE,Rio de Janeiro,SAO PEDRO DA ALDEIA,"16000,00",30672,"17187,000",56
09/2021,GNR FORTALEZA VALORIZAÇÃO DE BIOGÁS LTDA.,20287659000188,NORDESTE,Ceará,CAUCAIA,"110000,00",300000,"166538,000",56
09/2021,ZEG BIOGÁS E ENERGIA S.A,24025216000250,SUDESTE,São Paulo,SAO PAULO,"30000,00",60000,"0,000",0
08/2021,GÁS VERDE S.A.,11131464000587,SUDESTE,Rio de Janeiro,SEROPEDICA,"204000,00",480000,"384000,000",80
08/2021,GNR DOIS ARCOS VALORIZAÇÃO DE BIOGÁS LTDA.,17173460000203,SUDESTE,Rio de Janeiro,SAO PEDRO DA ALDEIA,"16000,00",30672,"16782,000",55
08/2021,GNR FORTALEZA VALORIZAÇÃO DE BIOGÁS LTDA.,20287659000188,NORDESTE,Ceará,CAUCAIA,"110000,00",300000,"165935,000",55
07/2021,GÁS VERDE S.A.,11131464000587,SUDESTE,Rio de Janeiro,SEROPEDICA,"204000,00",480000,"373876,000",78
07/2021,GNR DOIS ARCOS VALORIZAÇÃO DE BIOGÁS LTDA.,17173460000203,SUDESTE,Rio de Janeiro,SAO PEDRO DA ALDEIA,"16000,00",30672,"17077,000",56
07/2021,GNR FORTALEZA VALORIZAÇÃO DE BIOGÁS LTDA.,20287659000188,NORDESTE,Ceará,CAUCAIA,"110000,00",300000,"149591,000",50
06/2021,GÁS VERDE S.A.,11131464000587,SUDESTE,Rio de Janeiro,SEROPEDICA,"204000,00",480000,"384000,000",80
06/2021,GNR DOIS ARCOS VALORIZAÇÃO DE BIOGÁS LTDA.,17173460000203,SUDESTE,Rio de Janeiro,SAO PEDRO DA ALDEIA,"16000,00",30672,"11301,000",37
06/2021,GNR FORTALEZA VALORIZAÇÃO DE BIOGÁS LTDA.,20287659000188,NORDESTE,Ceará,CAUCAIA,"110000,00",300000,"158044,000",53
05/2021,GÁS VERDE S.A.,11131464000587,SUDESTE,Rio de Janeiro,SEROPEDICA,"204000,00",480000,"384000,000",80
05/2021,GNR DOIS ARCOS VALORIZAÇÃO DE BIOGÁS LTDA.,17173460000203,SUDESTE,Rio de Janeiro,SAO PEDRO DA ALDEIA,"16000,00",30672,"10384,000",34
05/2021,GNR FORTALEZA VALORIZAÇÃO DE BIOGÁS LTDA.,20287659000188,NORDESTE,Ceará,CAUCAIA,"110000,00",300000,"163821,000",55
04/2021,GÁS VERDE S.A.,11131464000587,SUDESTE,Rio de Janeiro,SEROPEDICA,"204000,00",480000,"365089,000",76
04/2021,GNR DOIS ARCOS VALORIZAÇÃO DE BIOGÁS LTDA.,17173460000203,SUDESTE,Rio de Janeiro,SAO PEDRO DA ALDEIA,"16000,00",30672,"11295,000",37
04/2021,GNR FORTALEZA VALORIZAÇÃO DE BIOGÁS LTDA.,20287659000188,NORDESTE,Ceará,CAUCAIA,"110000,00",300000,"156390,000",52
03/2021,GÁS VERDE S.A.,11131464000587,SUDESTE,Rio de Janeiro,SEROPEDICA,"204000,00",480000,"336000,000",70
03/2021,GNR DOIS ARCOS VALORIZAÇÃO DE BIOGÁS LTDA.,17173460000203,SUDESTE,Rio de Janeiro,SAO PEDRO DA ALDEIA,"16000,00",30672,"11646,000",38
03/2021,GNR FORTALEZA VALORIZAÇÃO DE BIOGÁS LTDA.,20287659000188,NORDESTE,Ceará,CAUCAIA,"110000,00",300000,"145712,000",49
02/2021,GÁS VERDE S.A.,11131464000587,SUDESTE,Rio de Janeiro,SEROPEDICA,"204000,00",480000,"336000,000",70
02/2021,GNR DOIS ARCOS VALORIZAÇÃO DE BIOGÁS LTDA.,17173460000203,SUDESTE,Rio de Janeiro,SAO PEDRO DA ALDEIA,"16000,00",30672,"10993,000",36
02/2021,GNR FORTALEZA VALORIZAÇÃO DE BIOGÁS LTDA.,20287659000188,NORDESTE,Ceará,CAUCAIA,"110000,00",300000,"117918,000",39
01/2021,GÁS VERDE S.A.,11131464000587,SUDESTE,Rio de Janeiro,SEROPEDICA,"204000,00",480000,"203886,000",42
01/2021,GNR DOIS ARCOS VALORIZAÇÃO DE BIOGÁS LTDA.,17173460000203,SUDESTE,Rio de Janeiro,SAO PEDRO DA ALDEIA,"16000,00",30672,"13078,000",43
01/2021,GNR FORTALEZA VALORIZAÇÃO DE BIOGÁS LTDA.,20287659000188,NORDESTE,Ceará,CAUCAIA,"110000,00",300000,"125489,000",42
12/2020,GÁS VERDE S.A.,11131464000587,SUDESTE,Rio de Janeiro,SEROPEDICA,"204000,00",480000,"306247,000",64
12/2020,GNR DOIS ARCOS VALORIZAÇÃO DE BIOGÁS LTDA.,17173460000203,SUDESTE,Rio de Janeiro,SAO PEDRO DA ALDEIA,"16000,00",30672,"13909,000",45
12/2020,GNR FORTALEZA VALORIZAÇÃO DE BIOGÁS LTDA.,20287659000188,NORDESTE,Ceará,CAUCAIA,"110000,00",300000,"130913,000",44
11/2020,GÁS VERDE S.A.,11131464000587,SUDESTE,Rio de Janeiro,SEROPEDICA,"204000,00",480000,"316415,000",66
11/2020,GNR DOIS ARCOS VALORIZAÇÃO DE BIOGÁS LTDA.,17173460000203,SUDESTE,Rio de Janeiro,SAO PEDRO DA ALDEIA,"16000,00",30672,"7481,000",24
11/2020,GNR FORTALEZA VALORIZAÇÃO DE BIOGÁS LTDA.,20287659000188,NORDESTE,Ceará,CAUCAIA,"110000,00",300000,"131997,000",44
10/2020,GÁS VERDE S.A.,11131464000587,SUDESTE,Rio de Janeiro,SEROPEDICA,"204000,00",480000,"438349,000",91
10/2020,GNR DOIS ARCOS VALORIZAÇÃO DE BIOGÁS LTDA.,17173460000203,SUDESTE,Rio de Janeiro,SAO PEDRO DA ALDEIA,"16000,00",30672,"6157,000",20
10/2020,GNR FORTALEZA VALORIZAÇÃO DE BIOGÁS LTDA.,20287659000188,NORDESTE,Ceará,CAUCAIA,"110000,00",300000,"141787,000",47
09/2020,GÁS VERDE S.A.,11131464000587,SUDESTE,Rio de Janeiro,SEROPEDICA,"204000,00",480000,"445679,000",93
09/2020,GNR DOIS ARCOS VALORIZAÇÃO DE BIOGÁS LTDA.,17173460000203,SUDESTE,Rio de Janeiro,SAO PEDRO DA ALDEIA,"16000,00",30672,"15012,000",49
09/2020,GNR FORTALEZA VALORIZAÇÃO DE BIOGÁS LTDA.,20287659000188,NORDESTE,Ceará,CAUCAIA,"110000,00",300000,"142905,000",48
08/2020,GÁS VERDE S.A.,11131464000587,SUDESTE,Rio de Janeiro,SEROPEDICA,"204000,00",480000,"440390,000",92
08/2020,GNR DOIS ARCOS VALORIZAÇÃO DE BIOGÁS LTDA.,17173460000203,SUDESTE,Rio de Janeiro,SAO PEDRO DA ALDEIA,"16000,00",30672,"11617,000",38
08/2020,GNR FORTALEZA VALORIZAÇÃO DE BIOGÁS LTDA.,20287659000188,NORDESTE,Ceará,CAUCAIA,"110000,00",300000,"63111,000",21
07/2020,GÁS VERDE S.A.,11131464000587,SUDESTE,Rio de Janeiro,SEROPEDICA,"204000,00",480000,"346828,000",72
07/2020,GNR DOIS ARCOS VALORIZAÇÃO DE BIOGÁS LTDA.,17173460000203,SUDESTE,Rio de Janeiro,SAO PEDRO DA ALDEIA,"16000,00",30672,"6172,000",20
07/2020,GNR FORTALEZA VALORIZAÇÃO DE BIOGÁS LTDA.,20287659000188,NORDESTE,Ceará,CAUCAIA,"110000,00",300000,"71574,000",24
06/2020,GNR FORTALEZA VALORIZAÇÃO DE BIOGÁS LTDA.,20287659000188,NORDESTE,Ceará,CAUCAIA,"110000,00",300000,"159050,000",53
05/2020,GNR FORTALEZA VALORIZAÇÃO DE BIOGÁS LTDA.,20287659000188,NORDESTE,Ceará,CAUCAIA,"110000,00",300000,"169025,000",56
04/2020,GNR FORTALEZA VALORIZAÇÃO DE BIOGÁS LTDA.,20287659000188,NORDESTE,Ceará,CAUCAIA,"110000,00",300000,"166974,000",56
03/2020,GNR FORTALEZA VALORIZAÇÃO DE BIOGÁS LTDA.,20287659000188,NORDESTE,Ceará,CAUCAIA,"110000,00",300000,"176273,000",59
02/2020,GNR FORTALEZA VALORIZAÇÃO DE BIOGÁS LTDA.,20287659000188,NORDESTE,Ceará,CAUCAIA,"110000,00",300000,"170631,000",57
01/2020,GNR FORTALEZA VALORIZAÇÃO DE BIOGÁS LTDA.,20287659000188,NORDESTE,Ceará,CAUCAIA,"110000,00",300000,"171950,000",57
