Mês/Ano,Região,Estado,Produto,Produção (m³)
08/2026,NORDESTE,Ceará,BIOMETANO,1138977
08/2026,NORDESTE,Pernambuco,BIOMETANO,2617594
08/2026,SUDESTE,Minas Gerais,BIOMETANO,173.037
08/2026,SUDESTE,Rio de Janeiro,BIOMETANO,4324235.558
08/2026,SUDESTE,São Paulo,BIOMETANO,5505729.718
08/2026,SUL,Rio Grande do Sul,BIOMETANO,2654707
08/2026,SUL,Santa Catarina,BIOMETANO,159494.82
07/2026,NORDESTE,Ceará,BIOMETANO,1834847
07/2026,NORDESTE,Pernambuco,BIOMETANO,2415689
07/2026,SUDESTE,Minas Gerais,BIOMETANO,124.678
07/2026,SUDESTE,Rio de Janeiro,BIOMETANO,4223716.768
07/2026,SUDESTE,São Paulo,BIOMETANO,5473032.168
07/2026,SUDESTE,São Paulo,BIOMETANO COMPRIMIDO,272174
07/2026,SUL,Paraná,BIOMETANO COMPRIMIDO,429824
07/2026,SUL,Rio Grande do Sul,BIOMETANO,2586448
07/2026,SUL,Santa Catarina,BIOMETANO,146080.65
06/2026,NORDESTE,Ceará,BIOMETANO,2116663
06/2026,NORDESTE,Pernambuco,BIOMETANO,2067310
06/2026,SUDESTE,Minas Gerais,BIOMETANO,47.382
06/2026,SUDESTE,Rio de Janeiro,BIOMETANO,4367191.56
06/2026,SUDESTE,São Paulo,BIOMETANO,4411449.033
06/2026,SUDESTE,São Paulo,BIOMETANO COMPRIMIDO,322279
06/2026,SUL,Paraná,BIOMETANO COMPRIMIDO,441041
06/2026,SUL,Rio Grande do Sul,BIOMETANO,2087513
06/2026,SUL,Santa Catarina,BIOMETANO,135890.524
05/2026,NORDESTE,Ceará,BIOMETANO,2251584
05/2026,NORDESTE,Pernambuco,BIOMETANO,1178758
05/2026,SUDESTE,Minas Gerais,BIOMETANO,28.909
05/2026,SUDESTE,Rio de Janeiro,BIOMETANO,3629398.34
05/2026,SUDESTE,São Paulo,BIOMETANO,3988478.163
05/2026,SUDESTE,São Paulo,BIOMETANO COMPRIMIDO,301089
05/2026,SUL,Paraná,BIOMETANO COMPRIMIDO,438564
05/2026,SUL,Rio Grande do Sul,BIOMETANO,2051687
05/2026,SUL,Santa Catarina,BIOMETANO,154282.792
04/2026,NORDESTE,Ceará,BIOMETANO,2033003
04/2026,NORDESTE,Pernambuco,BIOMETANO,1924423
04/2026,SUDESTE,Minas Gerais,BIOMETANO,32.009
04/2026,SUDESTE,Rio de Janeiro,BIOMETANO,3253322.33
04/2026,SUDESTE,São Paulo,BIOMETANO,3293733.294
04/2026,SUDESTE,São Paulo,BIOMETANO COMPRIMIDO,437397
04/2026,SUL,Paraná,BIOMETANO COMPRIMIDO,391046
04/2026,SUL,Rio Grande do Sul,BIOMETANO,2067383
04/2026,SUL,Santa Catarina,BIOMETANO,125398.74
03/2026,NORDESTE,Ceará,BIOMETANO,2162653
03/2026,NORDESTE,Pernambuco,BIOMETANO,1241783
03/2026,SUDESTE,Rio de Janeiro,BIOMETANO,3829281.72
03/2026,SUDESTE,São Paulo,BIOMETANO,2503667.391
03/2026,SUDESTE,São Paulo,BIOMETANO COMPRIMIDO,425981
03/2026,SUL,Paraná,BIOMETANO COMPRIMIDO,436210
03/2026,SUL,Rio Grande do Sul,BIOMETANO,1920311
02/2026,NORDESTE,Ceará,BIOMETANO,1985196
02/2026,NORDESTE,Pernambuco,BIOMETANO,361848
02/2026,SUDESTE,Rio de Janeiro,BIOMETANO,3608342.63
02/2026,SUDESTE,São Paulo,BIOMETANO,3126561.334
02/2026,SUDESTE,São Paulo,BIOMETANO COMPRIMIDO,258855
02/2026,SUL,Paraná,BIOMETANO COMPRIMIDO,310087
02/2026,SUL,Rio Grande do Sul,BIOMETANO,1833895
01/2026,NORDESTE,Ceará,BIOMETANO,2161253
01/2026,NORDESTE,Pernambuco,BIOMETANO,398136
01/2026,SUDESTE,Rio de Janeiro,BIOMETANO,3831723.03
01/2026,SUDESTE,São Paulo,BIOMETANO,2936420.407
01/2026,SUDESTE,São Paulo,BIOMETANO COMPRIMIDO,162236
01/2026,SUL,Paraná,BIOMETANO COMPRIMIDO,304690
01/2026,SUL,Rio Grande do Sul,BIOMETANO,2100499
12/2025,NORDESTE,Ceará,BIOMETANO,2003165
12/2025,NORDESTE,Pernambuco,BIOMETANO,449336
12/2025,SUDESTE,Rio de Janeiro,BIOMETANO,3771089.08
12/2025,SUDESTE,São Paulo,BIOMETANO,3531573.972
12/2025,SUDESTE,São Paulo,BIOMETANO COMPRIMIDO,246401
12/2025,SUL,Paraná,BIOMETANO COMPRIMIDO,309263
12/2025,SUL,Rio Grande do Sul,BIOMETANO,1652545
11/2025,NORDESTE,Ceará,BIOMETANO,1827558
11/2025,NORDESTE,Pernambuco,BIOMETANO,14119
11/2025,SUDESTE,Minas Gerais,BIOMETANO,4.329
11/2025,SUDESTE,Rio de Janeiro,BIOMETANO,4244918.53
11/2025,SUDESTE,São Paulo,BIOMETANO,4177739.287
11/2025,SUDESTE,São Paulo,BIOMETANO COMPRIMIDO,148275
11/2025,SUL,Paraná,BIOMETANO COMPRIMIDO,291000
11/2025,SUL,Rio Grande do Sul,BIOMETANO,1775753
10/2025,NORDESTE,Ceará,BIOMETANO,1930503
10/2025,SUDESTE,Minas Gerais,BIOMETANO,56.569
10/2025,SUDESTE,Rio de Janeiro,BIOMETANO,3836876.84
10/2025,SUDESTE,São Paulo,BIOMETANO,4564316.272
10/2025,SUDESTE,São Paulo,BIOMETANO COMPRIMIDO,84965
10/2025,SUL,Paraná,BIOMETANO COMPRIMIDO,319310
10/2025,SUL,Rio Grande do Sul,BIOMETANO,1473177
09/2025,NORDESTE,Ceará,BIOMETANO,1549311
09/2025,SUDESTE,Minas Gerais,BIOMETANO,66.091
09/2025,SUDESTE,Rio de Janeiro,BIOMETANO,3774827.69
09/2025,SUDESTE,São Paulo,BIOMETANO,3284187.017
09/2025,SUDESTE,São Paulo,BIOMETANO COMPRIMIDO,89848
09/2025,SUL,Paraná,BIOMETANO COMPRIMIDO,253015
09/2025,SUL,Rio Grande do Sul,BIOMETANO,1618521
08/2025,NORDESTE,Ceará,BIOMETANO,1673109
08/2025,SUDESTE,Minas Gerais,BIOMETANO,63.352
08/2025,SUDESTE,Rio de Janeiro,BIOMETANO,4275665.91
08/2025,SUDESTE,São Paulo,BIOMETANO,4794569.148
08/2025,SUDESTE,São Paulo,BIOMETANO COMPRIMIDO,99800
08/2025,SUL,Paraná,BIOMETANO COMPRIMIDO,291775
08/2025,SUL,Rio Grande do Sul,BIOMETANO,833677
07/2025,NORDESTE,Ceará,BIOMETANO,1765397
07/2025,SUDESTE,Minas Gerais,BIOMETANO,38.127
07/2025,SUDESTE,Rio de Janeiro,BIOMETANO,4419937.87
07/2025,SUDESTE,São Paulo,BIOMETANO,4844072.67
07/2025,SUDESTE,São Paulo,BIOMETANO COMPRIMIDO,101419
07/2025,SUL,Paraná,BIOMETANO COMPRIMIDO,272378
06/2025,NORDESTE,Ceará,BIOMETANO,1735936
06/2025,SUDESTE,Rio de Janeiro,BIOMETANO,3873931.25
06/2025,SUDESTE,São Paulo,BIOMETANO,3982950.966
06/2025,SUDESTE,São Paulo,BIOMETANO COMPRIMIDO,153642
06/2025,SUL,Paraná,BIOMETANO COMPRIMIDO,77310
05/2025,NORDESTE,Ceará,BIOMETANO,1882331
05/2025,SUDESTE,Minas Gerais,BIOMETANO,3
05/2025,SUDESTE,Rio de Janeiro,BIOMETANO,3806902.81
05/2025,SUDESTE,São Paulo,BIOMETANO,3745586.619
05/2025,SUDESTE,São Paulo,BIOMETANO COMPRIMIDO,1394
05/2025,SUL,Paraná,BIOMETANO COMPRIMIDO,318754
04/2025,NORDESTE,Ceará,BIOMETANO,1899201
04/2025,SUDESTE,Minas Gerais,BIOMETANO,0.4
04/2025,SUDESTE,Rio de Janeiro,BIOMETANO,3814217.01
04/2025,SUDESTE,São Paulo,BIOMETANO,2458752.724
04/2025,SUL,Paraná,BIOMETANO COMPRIMIDO,329371
03/2025,NORDESTE,Ceará,BIOMETANO,2011279
03/2025,SUDESTE,Rio de Janeiro,BIOMETANO,3573446.201
03/2025,SUDESTE,São Paulo,BIOMETANO,2104214.611
03/2025,SUL,Paraná,BIOMETANO COMPRIMIDO,462435
02/2025,NORDESTE,Ceará,BIOMETANO,1853861
02/2025,SUDESTE,Rio de Janeiro,BIOMETANO,3364408.57
02/2025,SUDESTE,São Paulo,BIOMETANO,1232599.864
01/2025,NORDESTE,Ceará,BIOMETANO,1710366
01/2025,SUDESTE,Rio de Janeiro,BIOMETANO,3907559.97
01/2025,SUDESTE,São Paulo,BIOMETANO,1925608.547
12/2024,NORDESTE,Ceará,BIOMETANO,1942316
12/2024,SUDESTE,Rio de Janeiro,BIOMETANO,3286379.6
12/2024,SUDESTE,São Paulo,BIOMETANO,2015923.419
11/2024,NORDESTE,Ceará,BIOMETANO,1717232
11/2024,SUDESTE,Rio de Janeiro,BIOMETANO,4049829.7
11/2024,SUDESTE,São Paulo,BIOMETANO,1640567.564
10/2024,NORDESTE,Ceará,BIOMETANO,2014537
10/2024,SUDESTE,Rio de Janeiro,BIOMETANO,3917078.22
10/2024,SUDESTE,São Paulo,BIOMETANO,1592582.163
09/2024,NORDESTE,Ceará,BIOMETANO,2065365
09/2024,SUDESTE,Rio de Janeiro,BIOMETANO,3108845.51
09/2024,SUDESTE,São Paulo,BIOMETANO,709414.991
08/2024,NORDESTE,Ceará,BIOMETANO,2200932
08/2024,SUDESTE,Rio de Janeiro,BIOMETANO,3728639.58
08/2024,SUDESTE,São Paulo,BIOMETANO,578799.913
07/2024,NORDESTE,Ceará,BIOMETANO,2533705
07/2024,SUDESTE,Rio de Janeiro,BIOMETANO,3674404.722
07/2024,SUDESTE,São Paulo,BIOMETANO,431095.057
06/2024,NORDESTE,Ceará,BIOMETANO,2441909
06/2024,SUDESTE,Rio de Janeiro,BIOMETANO,3928722.68
06/2024,SUDESTE,São Paulo,BIOMETANO,361014.782
05/2024,NORDESTE,Ceará,BIOMETANO,2484623
05/2024,SUDESTE,Rio de Janeiro,BIOMETANO,3007478.69
05/2024,SUDESTE,São Paulo,BIOMETANO,646669.887
04/2024,NORDESTE,Ceará,BIOMETANO,2333336
04/2024,SUDESTE,Rio de Janeiro,BIOMETANO,3959627.85
04/2024,SUDESTE,São Paulo,BIOMETANO,617597.659
03/2024,NORDESTE,Ceará,BIOMETANO,2321845
03/2024,SUDESTE,Rio de Janeiro,BIOMETANO,4121112.024
03/2024,SUDESTE,São Paulo,BIOMETANO,761024.896
02/2024,NORDESTE,Ceará,BIOMETANO,1873174
02/2024,SUDESTE,Rio de Janeiro,BIOMETANO,4046714.57
02/2024,SUDESTE,São Paulo,BIOMETANO,612487.07
01/2024,NORDESTE,Ceará,BIOMETANO,1805984
01/2024,SUDESTE,Rio de Janeiro,BIOMETANO,4135775.31
01/2024,SUDESTE,São Paulo,BIOMETANO,859037.212
12/2023,NORDESTE,Ceará,BIOMETANO,1804975
12/2023,SUDESTE,Rio de Janeiro,BIOMETANO,3671877.54
12/2023,SUDESTE,São Paulo,BIOMETANO,625187.383
11/2023,NORDESTE,Ceará,BIOMETANO,1726793
11/2023,SUDESTE,Rio de Janeiro,BIOMETANO,3544679.294
11/2023,SUDESTE,São Paulo,BIOMETANO,704202.684
10/2023,NORDESTE,Ceará,BIOMETANO,2058088
10/2023,SUDESTE,Rio de Janeiro,BIOMETANO,3897429.9
10/2023,SUDESTE,São Paulo,BIOMETANO,908523.549
09/2023,NORDESTE,Ceará,BIOMETANO,1962794
09/2023,SUDESTE,Rio de Janeiro,BIOMETANO,3380932.95
09/2023,SUDESTE,São Paulo,BIOMETANO,800639.096
08/2023,NORDESTE,Ceará,BIOMETANO,2113252
08/2023,SUDESTE,Rio de Janeiro,BIOMETANO,3724225.24
08/2023,SUDESTE,São Paulo,BIOMETANO,687711.394
07/2023,NORDESTE,Ceará,BIOMETANO,2232205
07/2023,SUDESTE,Rio de Janeiro,BIOMETANO,4028086.73
07/2023,SUDESTE,São Paulo,BIOMETANO,672687.355
06/2023,NORDESTE,Ceará,BIOMETANO,2139708
06/2023,SUDESTE,Rio de Janeiro,BIOMETANO,4012685.54
06/2023,SUDESTE,São Paulo,BIOMETANO,815781.921
05/2023,NORDESTE,Ceará,BIOMETANO,2439020
05/2023,SUDESTE,Rio de Janeiro,BIOMETANO,3225840.42
05/2023,SUDESTE,São Paulo,BIOMETANO,174041.723
04/2023,NORDESTE,Ceará,BIOMETANO,2382615
04/2023,SUDESTE,Rio de Janeiro,BIOMETANO,3454918.78
04/2023,SUDESTE,São Paulo,BIOMETANO,137486.903
03/2023,NORDESTE,Ceará,BIOMETANO,2752477
03/2023,SUDESTE,Rio de Janeiro,BIOMETANO,3441360.35
03/2023,SUDESTE,São Paulo,BIOMETANO,495577.303
02/2023,NORDESTE,Ceará,BIOMETANO,1521883
02/2023,SUDESTE,Rio de Janeiro,BIOMETANO,3191145.18
02/2023,SUDESTE,São Paulo,BIOMETANO,338117.067
01/2023,NORDESTE,Ceará,BIOMETANO,2523983
01/2023,SUDESTE,Rio de Janeiro,BIOMETANO,3036906.49
01/2023,SUDESTE,São Paulo,BIOMETANO,289486.094
12/2022,NORDESTE,Ceará,BIOMETANO,2435403
12/2022,SUDESTE,Rio de Janeiro,BIOMETANO,3384189.77
12/2022,SUDESTE,São Paulo,BIOMETANO,284486.365
11/2022,NORDESTE,Ceará,BIOMETANO,2371997
11/2022,SUDESTE,Rio de Janeiro,BIOMETANO,3095227.87
11/2022,SUDESTE,São Paulo,BIOMETANO,262773.785
10/2022,NORDESTE,Ceará,BIOMETANO,2139388
10/2022,SUDESTE,Rio de Janeiro,BIOMETANO,3651424.01
10/2022,SUDESTE,São Paulo,BIOMETANO,205192.297
09/2022,NORDESTE,Ceará,BIOMETANO,2125088
09/2022,SUDESTE,Rio de Janeiro,BIOMETANO,3212714.25
09/2022,SUDESTE,São Paulo,BIOMETANO,196547.463
08/2022,NORDESTE,Ceará,BIOMETANO,2158200
08/2022,SUDESTE,Rio de Janeiro,BIOMETANO,3099926
08/2022,SUDESTE,São Paulo,BIOMETANO,80796.788
07/2022,NORDESTE,Ceará,BIOMETANO,2558126
07/2022,SUDESTE,Rio de Janeiro,BIOMETANO,2643186.001
07/2022,SUDESTE,São Paulo,BIOMETANO,79950.71
06/2022,NORDESTE,Ceará,BIOMETANO,2557430
06/2022,SUDESTE,Rio de Janeiro,BIOMETANO,2596059.14
05/2022,NORDESTE,Ceará,BIOMETANO,2713341
05/2022,SUDESTE,Rio de Janeiro,BIOMETANO,3119032.11
04/2022,NORDESTE,Ceará,BIOMETANO,2747443
04/2022,SUDESTE,Rio de Janeiro,BIOMETANO,3164608.36
03/2022,NORDESTE,Ceará,BIOMETANO,2450917
03/2022,SUDESTE,Rio de Janeiro,BIOMETANO,2976531.27
02/2022,NORDESTE,Ceará,BIOMETANO,2291289
02/2022,SUDESTE,Rio de Janeiro,BIOMETANO,2805443
01/2022,NORDESTE,Ceará,BIOMETANO,2113843
01/2022,SUDESTE,Rio de Janeiro,BIOMETANO,3161343.25
12/2021,NORDESTE,Ceará,BIOMETANO,727221
12/2021,SUDESTE,Rio de Janeiro,BIOMETANO,3178951.28
11/2021,NORDESTE,Ceará,BIOMETANO,2217294
11/2021,SUDESTE,Rio de Janeiro,BIOMETANO,3092958.19
10/2021,NORDESTE,Ceará,BIOMETANO,2367847
10/2021,SUDESTE,Rio de Janeiro,BIOMETANO,3049847.93
09/2021,NORDESTE,Ceará,BIOMETANO,2223972.23
09/2021,SUDESTE,Rio de Janeiro,BIOMETANO,2202671.26
08/2021,NORDESTE,Ceará,BIOMETANO,2345568
08/2021,SUDESTE,Rio de Janeiro,BIOMETANO,2281057.6
07/2021,NORDESTE,Ceará,BIOMETANO,2194629
07/2021,SUDESTE,Rio de Janeiro,BIOMETANO,2522563.05
06/2021,NORDESTE,Ceará,BIOMETANO,2246702
06/2021,SUDESTE,Rio de Janeiro,BIOMETANO,2490944.5
05/2021,NORDESTE,Ceará,BIOMETANO,2360935
05/2021,SUDESTE,Rio de Janeiro,BIOMETANO,2500568.99
04/2021,NORDESTE,Ceará,BIOMETANO,2187025
04/2021,SUDESTE,Rio de Janeiro,BIOMETANO,1926202.98
03/2021,NORDESTE,Ceará,BIOMETANO,2085566
03/2021,SUDESTE,Rio de Janeiro,BIOMETANO,1885190.31
02/2021,NORDESTE,Ceará,BIOMETANO,1802761
02/2021,SUDESTE,Rio de Janeiro,BIOMETANO,1895520.38
01/2021,NORDESTE,Ceará,BIOMETANO,1832177
01/2021,SUDESTE,Rio de Janeiro,BIOMETANO,1425247.6
12/2020,NORDESTE,Ceará,BIOMETANO,1720012
12/2020,SUDESTE,Rio de Janeiro,BIOMETANO,1861512.5
11/2020,NORDESTE,Ceará,BIOMETANO,1722957
11/2020,SUDESTE,Rio de Janeiro,BIOMETANO,2102627.71
10/2020,NORDESTE,Ceará,BIOMETANO,1916434
10/2020,SUDESTE,Rio de Janeiro,BIOMETANO,2187595.32
09/2020,NORDESTE,Ceará,BIOMETANO,1880002
09/2020,SUDESTE,Rio de Janeiro,BIOMETANO,1836423.37
08/2020,NORDESTE,Ceará,BIOMETANO,1956427
08/2020,SUDESTE,Rio de Janeiro,BIOMETANO,1245037.71
07/2020,NORDESTE,Ceará,BIOMETANO,2218781
07/2020,SUDESTE,Rio de Janeiro,BIOMETANO,2118130.86
06/2020,NORDESTE,Ceará,BIOMETANO,2111745
05/2020,NORDESTE,Ceará,BIOMETANO,2364125.99
04/2020,NORDESTE,Ceará,BIOMETANO,2236560
03/2020,NORDESTE,Ceará,BIOMETANO,2418989.29
02/2020,NORDESTE,Ceará,BIOMETANO,2084682
01/2020,NORDESTE,Ceará,BIOMETANO,2161394
