ref_id,authors,year,title,container,doi,url,as_written,source_file,source_location,used_for,ref_check,notes
ahmed2026,"Ahmed, B., & Vijay, V",2026,Biogas generation potential and greenhouse gas emission saving potential from livestock manure: A state-level analysis for India,"Energy for Sustainable Development, 92, Article 101960.",10.1016/j.esd.2026.101960,https://doi.org/10.1016/j.esd.2026.101960,"Ahmed, B., & Vijay, V. (2026). Biogas generation potential and greenhouse gas emission saving potential from livestock manure: A state-level analysis for India. Energy for Sustainable Development, 92, Article 101960. https://doi.org/10.1016/j.esd.2026.101960",Submissão ESD + Data in Brief/References_ESD_v8_APA7.html,entrada 1 da lista APA,artigo ESD v8 (lista de referências),pending,
albarracin2024,"Albarracin, L. T., Mas, I. R., Fuess, L. T., Rodriguez, R. P., Volpi, M. P. C., & de Souza Moraes, B",2024,The bioenergetic potential from coffee processing residues: Towards an industrial symbiosis,"Resources, 13(2), Article 21.",10.3390/resources13020021,https://doi.org/10.3390/resources13020021,"Albarracin, L. T., Mas, I. R., Fuess, L. T., Rodriguez, R. P., Volpi, M. P. C., & de Souza Moraes, B. (2024). The bioenergetic potential from coffee processing residues: Towards an industrial symbiosis. Resources, 13(2), Article 21. https://doi.org/10.3390/resources13020021",Submissão ESD + Data in Brief/References_ESD_v8_APA7.html,entrada 2 da lista APA,artigo ESD v8 (lista de referências),pending,
anp2026a,"ANP (Agência Nacional do Petróleo, Gás Natural e Biocombustíveis)",2026a,"Resolução ANP nº 1.006, de 11 de agosto de 2026: Especificação e controle da qualidade do biometano",Diário Oficial da União.,não encontrado,não encontrado,"ANP (Agência Nacional do Petróleo, Gás Natural e Biocombustíveis). (2026a). Resolução ANP nº 1.006, de 11 de agosto de 2026: Especificação e controle da qualidade do biometano. Diário Oficial da União.",Submissão ESD + Data in Brief/References_ESD_v8_APA7.html,entrada 3 da lista APA,cp2b_params.py biometano_pureza_CH4,pending,
anp2026b,"ANP (Agência Nacional do Petróleo, Gás Natural e Biocombustíveis)",2026b,Painel dinâmico de produtores de biometano: Dados abertos de produção,"Retrieved October 2, 2026, from",não encontrado,https://www.gov.br/anp/pt-br/centrais-de-conteudo/paineis-dinamicos-da-anp/paineis-e-mapa-dinamicos-de-produtores-de-combustiveis-e-derivados/painel-dinamico-de-produtores-de-biometano,"[dataset] ANP (Agência Nacional do Petróleo, Gás Natural e Biocombustíveis). (2026b). Painel dinâmico de produtores de biometano: Dados abertos de produção. Retrieved October 2, 2026, from https://www.gov.br/anp/pt-br/centrais-de-conteudo/paineis-dinamicos-da-anp/paineis-e-mapa-dinamicos-de-produtores-de-combustiveis-e-derivados/painel-dinamico-de-produtores-de-biometano",Submissão ESD + Data in Brief/References_ESD_v8_APA7.html,entrada 4 da lista APA,artigo ESD v8 (lista de referências),pending,
anselin1995,"Anselin, L",1995,Local indicators of spatial association—LISA,"Geographical Analysis, 27(2), 93–115.",10.1111/j.1538-4632.1995.tb00338.x,https://doi.org/10.1111/j.1538-4632.1995.tb00338.x,"Anselin, L. (1995). Local indicators of spatial association—LISA. Geographical Analysis, 27(2), 93–115. https://doi.org/10.1111/j.1538-4632.1995.tb00338.x",Submissão ESD + Data in Brief/References_ESD_v8_APA7.html,entrada 5 da lista APA,cp2b_indicadores_artigo.py §3 (LISA),pending,
arruda2023,"Arruda, V. C. L., Marques, A. S., Moreira, J. L. B., & Lago, T. G. S",2023,Location and specialization indicators of animal bioenergetic potential in Paraíba (Brazil),"Energy for Sustainable Development, 76, Article 101304.",10.1016/j.esd.2023.101304,https://doi.org/10.1016/j.esd.2023.101304,"Arruda, V. C. L., Marques, A. S., Moreira, J. L. B., & Lago, T. G. S. (2023). Location and specialization indicators of animal bioenergetic potential in Paraíba (Brazil). Energy for Sustainable Development, 76, Article 101304. https://doi.org/10.1016/j.esd.2023.101304",Submissão ESD + Data in Brief/References_ESD_v8_APA7.html,entrada 6 da lista APA,artigo ESD v8 (lista de referências),pending,
arsesp2026,ARSESP (Agência Reguladora de Serviços Públicos do Estado de São Paulo),2026,Perfil do setor de gás canalizado,"Retrieved October 1, 2026, from",não encontrado,https://www.arsesp.sp.gov.br/Paginas/gas/gas-canalizado.aspx,"ARSESP (Agência Reguladora de Serviços Públicos do Estado de São Paulo). (2026). Perfil do setor de gás canalizado. Retrieved October 1, 2026, from https://www.arsesp.sp.gov.br/Paginas/gas/gas-canalizado.aspx",Submissão ESD + Data in Brief/References_ESD_v8_APA7.html,entrada 7 da lista APA,t8_mandato_mistura.py (volume distribuído),pending,
brazil2024,Brazil,2024,"Lei nº 14.993, de 8 de outubro de 2024 (Lei do Combustível do Futuro)","Diário Oficial da União. Retrieved October 6, 2026, from",não encontrado,https://www.planalto.gov.br/ccivil_03/_ato2023-2026/2024/lei/l14993.htm,"Brazil. (2024). Lei nº 14.993, de 8 de outubro de 2024 (Lei do Combustível do Futuro). Diário Oficial da União. Retrieved October 6, 2026, from https://www.planalto.gov.br/ccivil_03/_ato2023-2026/2024/lei/l14993.htm",Submissão ESD + Data in Brief/References_ESD_v8_APA7.html,entrada 8 da lista APA,t8_mandato_mistura.py (piso/teto),pending,
brosowski2021,"Brosowski, A",2021,"National resource monitoring for biogenic residues, by-products and wastes: Development of a systematic data collection, management and assessment for Germany (DBFZ Report No","41) [Doctoral dissertation, Leipzig University]. DBFZ.",10.48480/p63p-dc92,https://doi.org/10.48480/p63p-dc92,"Brosowski, A. (2021). National resource monitoring for biogenic residues, by-products and wastes: Development of a systematic data collection, management and assessment for Germany (DBFZ Report No. 41) [Doctoral dissertation, Leipzig University]. DBFZ. https://doi.org/10.48480/p63p-dc92",Submissão ESD + Data in Brief/References_ESD_v8_APA7.html,entrada 9 da lista APA,artigo ESD v8 (lista de referências),pending,
brosowski2019,"Brosowski, A., Adler, P., Erdmann, G., Stinner, W., Thrän, D., & Blanke, C",2019,"How to measure the impact of biogenic residues, wastes and by-products: Development of a national resource monitoring based on the example of Germany","Biomass and Bioenergy, 127, Article 105275.",10.1016/j.biombioe.2019.105275,https://doi.org/10.1016/j.biombioe.2019.105275,"Brosowski, A., Adler, P., Erdmann, G., Stinner, W., Thrän, D., & Blanke, C. (2019). How to measure the impact of biogenic residues, wastes and by-products: Development of a national resource monitoring based on the example of Germany. Biomass and Bioenergy, 127, Article 105275. https://doi.org/10.1016/j.biombioe.2019.105275",Submissão ESD + Data in Brief/References_ESD_v8_APA7.html,entrada 10 da lista APA,artigo ESD v8 (lista de referências),pending,
brosowski2020,"Brosowski, A., Bill, R., & Thrän, D",2020,Temporal and spatial availability of cereal straw in Germany—Case study: Biomethane for the transport sector,"Energy, Sustainability and Society, 10(1), Article 42.",10.1186/s13705-020-00274-1,https://doi.org/10.1186/s13705-020-00274-1,"Brosowski, A., Bill, R., & Thrän, D. (2020). Temporal and spatial availability of cereal straw in Germany—Case study: Biomethane for the transport sector. Energy, Sustainability and Society, 10(1), Article 42. https://doi.org/10.1186/s13705-020-00274-1",Submissão ESD + Data in Brief/References_ESD_v8_APA7.html,entrada 11 da lista APA,artigo ESD v8 (lista de referências),pending,
brosowski2016,"Brosowski, A., Thrän, D., Mantau, U., Mahro, B., Erdmann, G., Adler, P., Stinner, W., Reinhold, G., Hering, T., & Blanke, C",2016,A review of biomass potential and current utilisation: Status quo for 93 biogenic wastes and residues in Germany,"Biomass and Bioenergy, 95, 257–272.",10.1016/j.biombioe.2016.10.017,https://doi.org/10.1016/j.biombioe.2016.10.017,"Brosowski, A., Thrän, D., Mantau, U., Mahro, B., Erdmann, G., Adler, P., Stinner, W., Reinhold, G., Hering, T., & Blanke, C. (2016). A review of biomass potential and current utilisation: Status quo for 93 biogenic wastes and residues in Germany. Biomass and Bioenergy, 95, 257–272. https://doi.org/10.1016/j.biombioe.2016.10.017",Submissão ESD + Data in Brief/References_ESD_v8_APA7.html,entrada 12 da lista APA,artigo ESD v8 (lista de referências),pending,
cibiogas2024,CIBiogás (Centro Internacional de Energias Renováveis – Biogás),2024,Panorama do biogás no Brasil 2024 (Relatório Técnico nº 001/2024),"CIBiogás. Retrieved September 17, 2026, from",não encontrado,https://cibiogas.org,"CIBiogás (Centro Internacional de Energias Renováveis – Biogás). (2024). Panorama do biogás no Brasil 2024 (Relatório Técnico nº 001/2024). CIBiogás. Retrieved September 17, 2026, from https://cibiogas.org",Submissão ESD + Data in Brief/References_ESD_v8_APA7.html,entrada 13 da lista APA,artigo ESD v8 (lista de referências),pending,
cnpe2026,CNPE (Conselho Nacional de Política Energética),2026,"Resolução CNPE nº 4, de 1º de abril de 2026",Diário Oficial da União.,não encontrado,não encontrado,"CNPE (Conselho Nacional de Política Energética). (2026). Resolução CNPE nº 4, de 1º de abril de 2026. Diário Oficial da União.",Submissão ESD + Data in Brief/References_ESD_v8_APA7.html,entrada 14 da lista APA,t8_mandato_mistura.py (meta 2026),pending,
coelho2020,"Coelho, S. T., Garcilasso, V. P., dos Santos, M. M., Escobar, J. F., Perecin, D., & de Souza, D. B",2020,Atlas de bioenergia do Estado de São Paulo,"Instituto de Energia e Ambiente, Universidade de São Paulo.",não encontrado,não encontrado,"Coelho, S. T., Garcilasso, V. P., dos Santos, M. M., Escobar, J. F., Perecin, D., & de Souza, D. B. (2020). Atlas de bioenergia do Estado de São Paulo. Instituto de Energia e Ambiente, Universidade de São Paulo.",Submissão ESD + Data in Brief/References_ESD_v8_APA7.html,entrada 15 da lista APA,"cp2b_params.py (Atlas SP 2020: g, FC, vinhaça)",pending,
cp2b2026,CP2b (Centro Paulista de Estudos em Biogás e Bioprodutos),2026,"PILAR-2b: Municipal methane potential of agro-industrial and urban residues in São Paulo State, Brazil (CP2b method v5.1)",Repositório de Dados de Pesquisa da Unicamp (REDU).,10.25824/redu/F36WP9,https://doi.org/10.25824/redu/F36WP9,"[dataset] CP2b (Centro Paulista de Estudos em Biogás e Bioprodutos). (2026). PILAR-2b: Municipal methane potential of agro-industrial and urban residues in São Paulo State, Brazil (CP2b method v5.1). Repositório de Dados de Pesquisa da Unicamp (REDU). https://doi.org/10.25824/redu/F36WP9",Submissão ESD + Data in Brief/References_ESD_v8_APA7.html,entrada 16 da lista APA,artigo ESD v8 (lista de referências),pending,
fiesp2025,"FIESP (Federação das Indústrias do Estado de São Paulo), Instituto 17, PSR, & Amplum Biogás",2025,O biometano em São Paulo: Potencial e medidas para alavancar a produção [Technical report],"FIESP. Retrieved October 6, 2026, from",não encontrado,https://abiogas.org.br/wp-content/uploads/2025/06/O-Biometano-em-Sao-Paulo_Potencial-e-Medidas-para-alavancar-a-producao_2025.pdf,"FIESP (Federação das Indústrias do Estado de São Paulo), Instituto 17, PSR, & Amplum Biogás. (2025). O biometano em São Paulo: Potencial e medidas para alavancar a produção [Technical report]. FIESP. Retrieved October 6, 2026, from https://abiogas.org.br/wp-content/uploads/2025/06/O-Biometano-em-Sao-Paulo_Potencial-e-Medidas-para-alavancar-a-producao_2025.pdf",Submissão ESD + Data in Brief/References_ESD_v8_APA7.html,entrada 17 da lista APA,artigo ESD v8 (lista de referências),pending,
gefbiogasbrasil2023,"GEF Biogás Brasil, & ABiogás",2023,Redução de emissões e geração de emprego,"GEF Biogás Brasil. Retrieved October 6, 2026, from",não encontrado,https://www.gefbiogas.org.br/impactosdobiogas.html,"GEF Biogás Brasil, & ABiogás. (2023). Redução de emissões e geração de emprego. GEF Biogás Brasil. Retrieved October 6, 2026, from https://www.gefbiogas.org.br/impactosdobiogas.html",Submissão ESD + Data in Brief/References_ESD_v8_APA7.html,entrada 18 da lista APA,artigo ESD v8 (lista de referências),pending,
gelanigamamesthrige2025,"Gelanigama Mesthrige, T., & Kaparaju, P",2025,"Decarbonisation of natural gas grid: A review of GIS-based approaches on spatial biomass assessment, plant siting and biomethane grid injection","Energies, 18(3), Article 734.",10.3390/en18030734,https://doi.org/10.3390/en18030734,"Gelanigama Mesthrige, T., & Kaparaju, P. (2025). Decarbonisation of natural gas grid: A review of GIS-based approaches on spatial biomass assessment, plant siting and biomethane grid injection. Energies, 18(3), Article 734. https://doi.org/10.3390/en18030734",Submissão ESD + Data in Brief/References_ESD_v8_APA7.html,entrada 19 da lista APA,artigo ESD v8 (lista de referências),pending,
gunther2024,"Günther, S., Karras, T., Naegeli de Torres, F., Semella, S., & Thrän, D",2024,Temporal and spatial mapping of theoretical biomass potential across the European Union,"Earth System Science Data, 16(1), 59–74.",10.5194/essd-16-59-2024,https://doi.org/10.5194/essd-16-59-2024,"Günther, S., Karras, T., Naegeli de Torres, F., Semella, S., & Thrän, D. (2024). Temporal and spatial mapping of theoretical biomass potential across the European Union. Earth System Science Data, 16(1), 59–74. https://doi.org/10.5194/essd-16-59-2024",Submissão ESD + Data in Brief/References_ESD_v8_APA7.html,entrada 20 da lista APA,artigo ESD v8 (lista de referências),pending,
ibge2017,IBGE (Instituto Brasileiro de Geografia e Estatística),2017,Divisão regional do Brasil em regiões geográficas imediatas e regiões geográficas intermediárias: 2017,"IBGE. Retrieved July 21, 2026, from",não encontrado,https://biblioteca.ibge.gov.br/visualizacao/livros/liv100600.pdf,"IBGE (Instituto Brasileiro de Geografia e Estatística). (2017). Divisão regional do Brasil em regiões geográficas imediatas e regiões geográficas intermediárias: 2017. IBGE. Retrieved July 21, 2026, from https://biblioteca.ibge.gov.br/visualizacao/livros/liv100600.pdf",Submissão ESD + Data in Brief/References_ESD_v8_APA7.html,entrada 21 da lista APA,artigo ESD v8 (lista de referências),pending,
ibge2024,IBGE (Instituto Brasileiro de Geografia e Estatística),2024,Produção agrícola municipal; Pesquisa da pecuária municipal,"SIDRA. Retrieved July 16, 2026, from",não encontrado,https://sidra.ibge.gov.br,"[dataset] IBGE (Instituto Brasileiro de Geografia e Estatística). (2024). Produção agrícola municipal; Pesquisa da pecuária municipal. SIDRA. Retrieved July 16, 2026, from https://sidra.ibge.gov.br",Submissão ESD + Data in Brief/References_ESD_v8_APA7.html,entrada 22 da lista APA,artigo ESD v8 (lista de referências),pending,
instituto172021,Instituto 17,2021,Biogás no Brasil: Potencial de oferta a curto prazo (Technical report 02-2021),Programa de Energia para o Brasil (BEP).,não encontrado,não encontrado,Instituto 17. (2021). Biogás no Brasil: Potencial de oferta a curto prazo (Technical report 02-2021). Programa de Energia para o Brasil (BEP).,Submissão ESD + Data in Brief/References_ESD_v8_APA7.html,entrada 23 da lista APA,artigo ESD v8 (lista de referências),pending,
liebetrau2022,"Liebetrau, J., Ammenberg, J., Gustafsson, M., Pelkmans, L., & Murphy, J. D",2022,The role of biogas and biomethane in pathway to net zero,"IEA Bioenergy. Retrieved October 6, 2026, from",não encontrado,https://www.ieabioenergy.com/wp-content/uploads/2022/12/2022_12_12-IEA_Bioenergy_position-paper_Final2.pdf,"Liebetrau, J., Ammenberg, J., Gustafsson, M., Pelkmans, L., & Murphy, J. D. (2022). The role of biogas and biomethane in pathway to net zero. IEA Bioenergy. Retrieved October 6, 2026, from https://www.ieabioenergy.com/wp-content/uploads/2022/12/2022_12_12-IEA_Bioenergy_position-paper_Final2.pdf",Submissão ESD + Data in Brief/References_ESD_v8_APA7.html,entrada 24 da lista APA,artigo ESD v8 (lista de referências),pending,
magne2024,"Magne, A., Khatiwada, D., & Cardozo, E",2024,Assessing the bioenergy potential in South America: Projections for 2050,"Energy for Sustainable Development, 82, Article 101535.",10.1016/j.esd.2024.101535,https://doi.org/10.1016/j.esd.2024.101535,"Magne, A., Khatiwada, D., & Cardozo, E. (2024). Assessing the bioenergy potential in South America: Projections for 2050. Energy for Sustainable Development, 82, Article 101535. https://doi.org/10.1016/j.esd.2024.101535",Submissão ESD + Data in Brief/References_ESD_v8_APA7.html,entrada 25 da lista APA,artigo ESD v8 (lista de referências),pending,
mapbiomas2025,MapBiomas,2025,Collection 10.1 of the annual land use and land cover maps of Brazil,"Retrieved July 15, 2026, from",não encontrado,https://mapbiomas.org,"[dataset] MapBiomas. (2025). Collection 10.1 of the annual land use and land cover maps of Brazil. Retrieved July 15, 2026, from https://mapbiomas.org",Submissão ESD + Data in Brief/References_ESD_v8_APA7.html,entrada 26 da lista APA,artigo ESD v8 (lista de referências),pending,
mccabe2020,"McCabe, B., Kroebel, R., Pezzaglia, M., Lukehurst, C., Lalonde, C., Wellisch, M., & Murphy, J. D",2020,"Integration of anaerobic digestion into farming systems in Australia, Canada, Italy, and the UK",IEA Bioenergy Task 37.,não encontrado,não encontrado,"McCabe, B., Kroebel, R., Pezzaglia, M., Lukehurst, C., Lalonde, C., Wellisch, M., & Murphy, J. D. (2020). Integration of anaerobic digestion into farming systems in Australia, Canada, Italy, and the UK. IEA Bioenergy Task 37.",Submissão ESD + Data in Brief/References_ESD_v8_APA7.html,entrada 27 da lista APA,artigo ESD v8 (lista de referências),pending,
monergirona2025,"Moner-Girona, M., Battistella, L., Angeluccetti, I., Casati, P., Davy, J., Tanasa, A., Pittalis, M., Szabó, S., & Caldés, N",2025,Prioritisation of clean energy interventions in Sub-Saharan Africa: A geospatial multi-criteria decision support tool,"Energy for Sustainable Development, 86, Article 101709.",10.1016/j.esd.2025.101709,https://doi.org/10.1016/j.esd.2025.101709,"Moner-Girona, M., Battistella, L., Angeluccetti, I., Casati, P., Davy, J., Tanasa, A., Pittalis, M., Szabó, S., & Caldés, N. (2025). Prioritisation of clean energy interventions in Sub-Saharan Africa: A geospatial multi-criteria decision support tool. Energy for Sustainable Development, 86, Article 101709. https://doi.org/10.1016/j.esd.2025.101709",Submissão ESD + Data in Brief/References_ESD_v8_APA7.html,entrada 28 da lista APA,literatura: MCDA geoespacial (Referencias_Submissao_ESD/PAPER_02),pending,
moran1950,"Moran, P. A. P",1950,Notes on continuous stochastic phenomena,"Biometrika, 37(1/2), 17–23.",10.2307/2332142,https://doi.org/10.2307/2332142,"Moran, P. A. P. (1950). Notes on continuous stochastic phenomena. Biometrika, 37(1/2), 17–23. https://doi.org/10.2307/2332142",Submissão ESD + Data in Brief/References_ESD_v8_APA7.html,entrada 29 da lista APA,cp2b_indicadores_artigo.py §3 (Moran I),pending,
ons2025a,ONS (Operador Nacional do Sistema Elétrico),2025a,Diagnóstico e perspectiva da evolução dos cortes de geração no Brasil (RT-ONS DGL 0189/2025),"ONS. Retrieved October 5, 2026, from",não encontrado,https://www.ons.org.br/AcervoDigitalDocumentosEPublicacoes/RT%20DGL-ONS%200189-2025%20-%20GT%20Curtailment%20rev1.pdf,"ONS (Operador Nacional do Sistema Elétrico). (2025a). Diagnóstico e perspectiva da evolução dos cortes de geração no Brasil (RT-ONS DGL 0189/2025). ONS. Retrieved October 5, 2026, from https://www.ons.org.br/AcervoDigitalDocumentosEPublicacoes/RT%20DGL-ONS%200189-2025%20-%20GT%20Curtailment%20rev1.pdf",Submissão ESD + Data in Brief/References_ESD_v8_APA7.html,entrada 30 da lista APA,artigo ESD v8 (lista de referências),pending,
ons2025b,ONS (Operador Nacional do Sistema Elétrico),2025b,Plano da Operação Elétrica de Médio Prazo do SIN — PAR/PEL 2025: Sumário executivo,"ONS. Retrieved October 5, 2026, from",não encontrado,https://www.ons.org.br/AcervoDigitalDocumentosEPublicacoes/Apresenta%C3%A7%C3%A3o%20Sum%C3%A1rio%20Executivo%20PARPEL%202025.pdf,"ONS (Operador Nacional do Sistema Elétrico). (2025b). Plano da Operação Elétrica de Médio Prazo do SIN — PAR/PEL 2025: Sumário executivo. ONS. Retrieved October 5, 2026, from https://www.ons.org.br/AcervoDigitalDocumentosEPublicacoes/Apresenta%C3%A7%C3%A3o%20Sum%C3%A1rio%20Executivo%20PARPEL%202025.pdf",Submissão ESD + Data in Brief/References_ESD_v8_APA7.html,entrada 31 da lista APA,artigo ESD v8 (lista de referências),pending,
scarlat2011,"Scarlat, N., Dallemand, J.-F., Skjelhaugen, O. J., Asplund, D., & Nesheim, L",2011,An overview of the biomass resource potential of Norway for bioenergy use,"Renewable and Sustainable Energy Reviews, 15(7), 3388–3398.",10.1016/j.rser.2011.04.028,https://doi.org/10.1016/j.rser.2011.04.028,"Scarlat, N., Dallemand, J.-F., Skjelhaugen, O. J., Asplund, D., & Nesheim, L. (2011). An overview of the biomass resource potential of Norway for bioenergy use. Renewable and Sustainable Energy Reviews, 15(7), 3388–3398. https://doi.org/10.1016/j.rser.2011.04.028",Submissão ESD + Data in Brief/References_ESD_v8_APA7.html,entrada 32 da lista APA,artigo ESD v8 (lista de referências),pending,
scarlat2010,"Scarlat, N., Martinov, M., & Dallemand, J.-F",2010,Assessment of the availability of agricultural crop residues in the European Union: Potential and limitations for bioenergy use,"Waste Management, 30(10), 1889–1897.",10.1016/j.wasman.2010.04.016,https://doi.org/10.1016/j.wasman.2010.04.016,"Scarlat, N., Martinov, M., & Dallemand, J.-F. (2010). Assessment of the availability of agricultural crop residues in the European Union: Potential and limitations for bioenergy use. Waste Management, 30(10), 1889–1897. https://doi.org/10.1016/j.wasman.2010.04.016",Submissão ESD + Data in Brief/References_ESD_v8_APA7.html,entrada 33 da lista APA,artigo ESD v8 (lista de referências),pending,
semil2023,"SEMIL (Secretaria de Meio Ambiente, Infraestrutura e Logística do Estado de São Paulo)",2023,Plano Estadual de Energia 2050,Governo do Estado de São Paulo.,não encontrado,não encontrado,"SEMIL (Secretaria de Meio Ambiente, Infraestrutura e Logística do Estado de São Paulo). (2023). Plano Estadual de Energia 2050. Governo do Estado de São Paulo.",Submissão ESD + Data in Brief/References_ESD_v8_APA7.html,entrada 34 da lista APA,artigo ESD v8 (lista de referências),pending,
sittaro2026,"Sittaro, F., Engler, N., Krüger, D., Agboka, K., Semella, S., & Naegeli de Torres, F",2026,Spatial assessment of bioenergy potentials for small biogas digesters and pyrolysis cookstoves: A case study in Togo,"Energy for Sustainable Development, 92, Article 101959.",10.1016/j.esd.2026.101959,https://doi.org/10.1016/j.esd.2026.101959,"Sittaro, F., Engler, N., Krüger, D., Agboka, K., Semella, S., & Naegeli de Torres, F. (2026). Spatial assessment of bioenergy potentials for small biogas digesters and pyrolysis cookstoves: A case study in Togo. Energy for Sustainable Development, 92, Article 101959. https://doi.org/10.1016/j.esd.2026.101959",Submissão ESD + Data in Brief/References_ESD_v8_APA7.html,entrada 35 da lista APA,artigo ESD v8 (lista de referências),pending,
snis2024,SNIS (Sistema Nacional de Informações sobre Saneamento),2024,"Diagnóstico do manejo de resíduos sólidos urbanos, 2022","Ministério das Cidades. Retrieved July 16, 2026, from",não encontrado,https://www.snis.gov.br,"[dataset] SNIS (Sistema Nacional de Informações sobre Saneamento). (2024). Diagnóstico do manejo de resíduos sólidos urbanos, 2022. Ministério das Cidades. Retrieved July 16, 2026, from https://www.snis.gov.br",Submissão ESD + Data in Brief/References_ESD_v8_APA7.html,entrada 36 da lista APA,artigo ESD v8 (lista de referências),pending,
souza2020,"Souza, C. M., Jr., Shimbo, J. Z., Rosa, M. R., Parente, L. L., Alencar, A. A., Rudorff, B. F. T., … Azevedo, T",2020,Reconstructing three decades of land use and land cover changes in Brazilian biomes with Landsat archive and Earth Engine,"Remote Sensing, 12(17), Article 2735.",10.3390/rs12172735,https://doi.org/10.3390/rs12172735,"Souza, C. M., Jr., Shimbo, J. Z., Rosa, M. R., Parente, L. L., Alencar, A. A., Rudorff, B. F. T., … Azevedo, T. (2020). Reconstructing three decades of land use and land cover changes in Brazilian biomes with Landsat archive and Earth Engine. Remote Sensing, 12(17), Article 2735. https://doi.org/10.3390/rs12172735",Submissão ESD + Data in Brief/References_ESD_v8_APA7.html,entrada 37 da lista APA,artigo ESD v8 (lista de referências),pending,
unica2024,UNICA (União da Indústria de Cana-de-Açúcar e Bioenergia),2024,Anuário da cana 2023/2024,"Retrieved July 13, 2026, from",não encontrado,https://unica.com.br,"UNICA (União da Indústria de Cana-de-Açúcar e Bioenergia). (2024). Anuário da cana 2023/2024. Retrieved July 13, 2026, from https://unica.com.br",Submissão ESD + Data in Brief/References_ESD_v8_APA7.html,entrada 38 da lista APA,artigo ESD v8 (lista de referências),pending,
church1974,"Church, R., & ReVelle, C",1974,The maximal covering location problem,"Papers of the Regional Science Association, 32(1), 101–118.",10.1007/BF01942293,https://doi.org/10.1007/BF01942293,"Church, R., & ReVelle, C. (1974). The maximal covering location problem. Papers of the Regional Science Association, 32(1), 101–118. https://doi.org/10.1007/BF01942293",Submissão ESD + Data in Brief/References_ESD_v8_APA7.html,entrada 39 da lista APA,"Metodo_CP2b/fl_espacial (cobertura máxima gulosa, MCLP; fl_comum.cobertura_gulosa)",pending,
geisberger2008,"Geisberger, R., Sanders, P., Schultes, D., & Delling, D",2008,Contraction hierarchies: Faster and simpler hierarchical routing in road networks,"In C. C. McGeoch (Ed.), Experimental algorithms: WEA 2008 (Lecture Notes in Computer Science, Vol. 5038, pp. 319–333). Springer.",10.1007/978-3-540-68552-4_24,https://doi.org/10.1007/978-3-540-68552-4_24,"Geisberger, R., Sanders, P., Schultes, D., & Delling, D. (2008). Contraction hierarchies: Faster and simpler hierarchical routing in road networks. In C. C. McGeoch (Ed.), Experimental algorithms: WEA 2008 (Lecture Notes in Computer Science, Vol. 5038, pp. 319–333). Springer. https://doi.org/10.1007/978-3-540-68552-4_24",Submissão ESD + Data in Brief/References_ESD_v8_APA7.html,entrada 40 da lista APA,"Metodo_CP2b/fl_espacial (pandana, contraction hierarchies; 01_grafo.py, 04_bacias_fl.py)",pending,
saraswat2025,S.K. Saraswat; Deepika Swami,2025,"GIS–MCDM integrated location–allocation analysis for optimizing biomass power facility siting and supply chain: Case study of Moga District, Punjab, India",Energy for Sustainable Development 89 (2025) 101871,10.1016/j.esd.2025.101871,https://doi.org/10.1016/j.esd.2025.101871,"Energy for Sustainable Development 89 (2025) 101871 | GIS–MCDM integrated location–allocation analysis ... Moga District, Punjab, India | S.K. Saraswat, Deepika Swami | https://doi.org/10.1016/j.esd.2025.101871",Referencias_Submissao_ESD/PAPER_08_REF.md,"md lines 1, 17, 23, 39","esd_parameters.csv lit_saraswat2025_* (pesos AHP, limiar de distância); candidato a baseline AHP/location-allocation (docs/12)",pending,não está na lista APA v8
bao2022,Keyu Bao; Lisa-Marie Bieber; Sandra Kürpick; Mamy Harimisa Radanielina; Rushikesh Padsala; Daniela Thrän; Bastian Schröter,2022,"Bottom-up assessment of local agriculture, forestry and urban waste potentials towards energy autonomy of isolated regions: Example of Réunion",Energy for Sustainable Development 66 (2022) 125–139,10.1016/j.esd.2021.12.002,https://doi.org/10.1016/j.esd.2021.12.002,"Energy for Sustainable Development 66 (2022) 125–139 | Bottom-up assessment ... Example of Réunion | Keyu Bao, Lisa-Marie Bieber, Sandra Kürpick, ... | https://doi.org/10.1016/j.esd.2021.12.002",Referencias_Submissao_ESD/PAPER_07_REF.md,"md lines 1, 15, 17, 56",literatura de potencial (sem método de localização),pending,não está na lista APA v8
dabas2023,Jagriti Dabas; Som Mondal; Sapan Thapar,2023,"Application of geospatial technology for assessment of agricultural residue based renewable energy potential in Punjab, India",Energy for Sustainable Development 72 (2023) 340–350,10.1016/j.esd.2023.01.006,https://doi.org/10.1016/j.esd.2023.01.006,"Energy for Sustainable Development 72 (2023) 340–350 | Application of geospatial technology ... Punjab, India | Jagriti Dabas, Som Mondal, Sapan Thapar | https://doi.org/10.1016/j.esd.2023.01.006",Referencias_Submissao_ESD/PAPER_04_REF.pdf,PDF p. 1 (lido na imagem PAPER_04_REF_pages/page_001.png; o .md não tem texto),literatura de potencial (sem método de localização),pending,não está na lista APA v8
leal2013_as_written,não encontrado,2013,não encontrado,não encontrado,não encontrado,não encontrado,leal2013,Metodo_CP2b/Evidencias_CP2B_FC_FCo_FL.md,md line 290,raio da palha 'mills < 10 km' (esd_parameters lit_raio_palha_usina),pending,citação curta; referência completa não encontrada na pasta
coldebella2006_as_written,não encontrado,2006,não encontrado,não encontrado,não encontrado,não encontrado,coldebella2006,Metodo_CP2b/Evidencias_CP2B_FC_FCo_FL.md,md line 290,raio de dejetos bovinos ~45 km,pending,citação curta; referência completa não encontrada na pasta
laasasenaho2019_as_written,não encontrado,2019,não encontrado,não encontrado,não encontrado,não encontrado,Laasasenaho et al. 2019,Metodo_CP2b/Evidencias_CP2B_FC_FCo_FL.md,md line 290,raio MCDA 10 km,pending,citação curta; referência completa não encontrada na pasta
kunz2009_as_written,não encontrado,2009,não encontrado,não encontrado,não encontrado,não encontrado,Kunz et al. 2009,Metodo_CP2b/Evidencias_CP2B_FC_FCo_FL.md,md line 289,perda de armazenamento (FS),pending,citação curta; referência completa não encontrada na pasta
ieatask37_as_written,não encontrado,não encontrado,não encontrado,não encontrado,não encontrado,não encontrado,IEA Task 37,Metodo_CP2b/Evidencias_CP2B_FC_FCo_FL.md,md line 289,perda de armazenamento (FS); methane slip em cp2b_params.py,pending,citação curta; referência completa não encontrada na pasta
tenelli2021_as_written,não encontrado,2021,não encontrado,não encontrado,não encontrado,não encontrado,Tenelli et al. 2021 (35%),Metodo_CP2b/cp2b_params.py,line 101,FC da palha,pending,citação curta; referência completa não encontrada na pasta
paulose2021_as_written,não encontrado,2021,não encontrado,não encontrado,não encontrado,não encontrado,Paulose 2021,Metodo_CP2b/cp2b_params.py,line 86,FCo do bagaço (excedente 15–38%),pending,citação curta; referência completa não encontrada na pasta
machado2009_as_written,não encontrado,2009,não encontrado,não encontrado,não encontrado,não encontrado,Machado et al. (2009),Metodo_CP2b/outputs_v5/revisao_ESD/LEIA-ME.md,md line 28,simulação de deuteranopia nas figuras (fora do escopo de localização),pending,citação curta; referência completa não encontrada na pasta
