id,method,parameter,scenario,value,unit,file,page_or_line,quote,flag,notes
fl_crs_metrico,M1_fl_espacial,CRS métrico,,EPSG:5880,-,Metodo_CP2b/fl_espacial/config_fl.yaml,line 7,"crs_metrico: ""EPSG:5880""      # SIRGAS 2000 / Policônica do Brasil (SP cruza UTM 22 e 23)",S,
fl_semente,M1_fl_espacial,semente aleatória,,20260923,-,Metodo_CP2b/fl_espacial/config_fl.yaml,line 6,semente: 20260923,S,
fl_buffer_estado,M1_fl_espacial,buffer do estado para o grafo OSM,,50,km,Metodo_CP2b/fl_espacial/config_fl.yaml,line 41,buffer_estado_km: 50,S,
fl_tort_n_pares,M1_fl_espacial,pares OD para tortuosidade,,5000,pares,Metodo_CP2b/fl_espacial/config_fl.yaml,line 47,n_pares: 5000,S,
fl_tort_dist_min,M1_fl_espacial,distância mínima dos pares OD,,1,km,Metodo_CP2b/fl_espacial/config_fl.yaml,line 48,dist_min_km: 1,S,
fl_tort_dist_max,M1_fl_espacial,distância máxima dos pares OD,,60,km,Metodo_CP2b/fl_espacial/config_fl.yaml,line 49,dist_max_km: 60,S,
fl_tort_tol_destino,M1_fl_espacial,tolerância nó-ponto alvo,,1000,m,Metodo_CP2b/fl_espacial/config_fl.yaml,line 51,tolerancia_destino_m: 1000     # nó sorteado tem de estar a ≤ 1 km do ponto-alvo,S,
fl_celula_oferta,M1_fl_espacial,célula da grade de oferta,,1000,m,Metodo_CP2b/fl_espacial/config_fl.yaml,line 57,celula_oferta_m: 1000,S,
fl_celula_hub,M1_fl_espacial,célula da grade de hubs candidatos,,2000,m,Metodo_CP2b/fl_espacial/config_fl.yaml,line 58,celula_hub_m: 2000,S,
fl_raster_base,M1_fl_espacial,grade auxiliar raster,,100,m,Metodo_CP2b/fl_espacial/config_fl.yaml,line 59,"raster_base_m: 100              # grade auxiliar (100 m, alinhada à de 1 km) para áreas MapBiomas e urbanas",S,
fl_fator_2a_safra,M1_fl_espacial,fator de leitura do raster de 2ª safra (30 m lido a ~90 m),,3,-,Metodo_CP2b/fl_espacial/config_fl.yaml,line 70,fator_leitura_2a_safra: 3       # raster de 30 m lido a ~90 m (amostragem por vizinho mais próximo),S,
fl_tol_municipio,M1_fl_espacial,tolerância ponto–polígono do município declarado,,5,km,Metodo_CP2b/fl_espacial/config_fl.yaml,line 81,tolerancia_municipio_km: 5,S,
fl_suco_vinculos_min,M1_fl_espacial,vínculos mínimos RAIS para fábrica de suco,,100,vínculos,Metodo_CP2b/fl_espacial/config_fl.yaml,line 111,"vinculos_min: 100              # porte industrial; sem escritórios e portos: 20 estab., 78% dos vínculos da subclasse",S,
fl_tol_fechamento,M1_fl_espacial,tolerância de fechamento grade × município,,0.0001,fração,Metodo_CP2b/fl_espacial/config_fl.yaml,line 113,"tolerancia_fechamento: 0.0001     # soma da grade = soma municipal (0,01%)",S,
fl_hub_dist_max_via,M1_fl_espacial,distância máxima do centroide do hub a uma via,,2000,m,Metodo_CP2b/fl_espacial/config_fl.yaml,line 121,dist_max_via_m: 2000            # centroide da grade de 2 km a ≤ 2 km de uma via do grafo,S,
fl_r1_liquidos_min,M1_fl_espacial,"r1 (w=1 até r1), líquidos",min,3,km (estrada),Metodo_CP2b/fl_espacial/config_fl.yaml,line 134,"min: {liquidos: [3, 10],  solidos_umidos: [10, 20], solidos_secos: [5, 15]}",S,
fl_r2_liquidos_min,M1_fl_espacial,"r2 (w=0 a partir de r2), líquidos",min,10,km (estrada),Metodo_CP2b/fl_espacial/config_fl.yaml,line 134,"min: {liquidos: [3, 10],  solidos_umidos: [10, 20], solidos_secos: [5, 15]}",S,
fl_r1_solidos_umidos_min,M1_fl_espacial,"r1 (w=1 até r1), sólidos úmidos",min,10,km (estrada),Metodo_CP2b/fl_espacial/config_fl.yaml,line 134,"min: {liquidos: [3, 10],  solidos_umidos: [10, 20], solidos_secos: [5, 15]}",S,
fl_r2_solidos_umidos_min,M1_fl_espacial,"r2 (w=0 a partir de r2), sólidos úmidos",min,20,km (estrada),Metodo_CP2b/fl_espacial/config_fl.yaml,line 134,"min: {liquidos: [3, 10],  solidos_umidos: [10, 20], solidos_secos: [5, 15]}",S,
fl_r1_solidos_secos_min,M1_fl_espacial,"r1 (w=1 até r1), sólidos secos",min,5,km (estrada),Metodo_CP2b/fl_espacial/config_fl.yaml,line 134,"min: {liquidos: [3, 10],  solidos_umidos: [10, 20], solidos_secos: [5, 15]}",S,
fl_r2_solidos_secos_min,M1_fl_espacial,"r2 (w=0 a partir de r2), sólidos secos",min,15,km (estrada),Metodo_CP2b/fl_espacial/config_fl.yaml,line 134,"min: {liquidos: [3, 10],  solidos_umidos: [10, 20], solidos_secos: [5, 15]}",S,
fl_r1_liquidos_med,M1_fl_espacial,"r1 (w=1 até r1), líquidos",med,5,km (estrada),Metodo_CP2b/fl_espacial/config_fl.yaml,line 135,"med: {liquidos: [5, 15],  solidos_umidos: [15, 30], solidos_secos: [10, 25]}",S,
fl_r2_liquidos_med,M1_fl_espacial,"r2 (w=0 a partir de r2), líquidos",med,15,km (estrada),Metodo_CP2b/fl_espacial/config_fl.yaml,line 135,"med: {liquidos: [5, 15],  solidos_umidos: [15, 30], solidos_secos: [10, 25]}",S,
fl_r1_solidos_umidos_med,M1_fl_espacial,"r1 (w=1 até r1), sólidos úmidos",med,15,km (estrada),Metodo_CP2b/fl_espacial/config_fl.yaml,line 135,"med: {liquidos: [5, 15],  solidos_umidos: [15, 30], solidos_secos: [10, 25]}",S,
fl_r2_solidos_umidos_med,M1_fl_espacial,"r2 (w=0 a partir de r2), sólidos úmidos",med,30,km (estrada),Metodo_CP2b/fl_espacial/config_fl.yaml,line 135,"med: {liquidos: [5, 15],  solidos_umidos: [15, 30], solidos_secos: [10, 25]}",S,
fl_r1_solidos_secos_med,M1_fl_espacial,"r1 (w=1 até r1), sólidos secos",med,10,km (estrada),Metodo_CP2b/fl_espacial/config_fl.yaml,line 135,"med: {liquidos: [5, 15],  solidos_umidos: [15, 30], solidos_secos: [10, 25]}",S,
fl_r2_solidos_secos_med,M1_fl_espacial,"r2 (w=0 a partir de r2), sólidos secos",med,25,km (estrada),Metodo_CP2b/fl_espacial/config_fl.yaml,line 135,"med: {liquidos: [5, 15],  solidos_umidos: [15, 30], solidos_secos: [10, 25]}",S,
fl_r1_liquidos_max,M1_fl_espacial,"r1 (w=1 até r1), líquidos",max,10,km (estrada),Metodo_CP2b/fl_espacial/config_fl.yaml,line 136,"max: {liquidos: [10, 20], solidos_umidos: [20, 45], solidos_secos: [15, 40]}",S,
fl_r2_liquidos_max,M1_fl_espacial,"r2 (w=0 a partir de r2), líquidos",max,20,km (estrada),Metodo_CP2b/fl_espacial/config_fl.yaml,line 136,"max: {liquidos: [10, 20], solidos_umidos: [20, 45], solidos_secos: [15, 40]}",S,
fl_r1_solidos_umidos_max,M1_fl_espacial,"r1 (w=1 até r1), sólidos úmidos",max,20,km (estrada),Metodo_CP2b/fl_espacial/config_fl.yaml,line 136,"max: {liquidos: [10, 20], solidos_umidos: [20, 45], solidos_secos: [15, 40]}",S,
fl_r2_solidos_umidos_max,M1_fl_espacial,"r2 (w=0 a partir de r2), sólidos úmidos",max,45,km (estrada),Metodo_CP2b/fl_espacial/config_fl.yaml,line 136,"max: {liquidos: [10, 20], solidos_umidos: [20, 45], solidos_secos: [15, 40]}",S,
fl_r1_solidos_secos_max,M1_fl_espacial,"r1 (w=1 até r1), sólidos secos",max,15,km (estrada),Metodo_CP2b/fl_espacial/config_fl.yaml,line 136,"max: {liquidos: [10, 20], solidos_umidos: [20, 45], solidos_secos: [15, 40]}",S,
fl_r2_solidos_secos_max,M1_fl_espacial,"r2 (w=0 a partir de r2), sólidos secos",max,40,km (estrada),Metodo_CP2b/fl_espacial/config_fl.yaml,line 136,"max: {liquidos: [10, 20], solidos_umidos: [20, 45], solidos_secos: [15, 40]}",S,
fl_qmin_min,M1_fl_espacial,Q_min: limiar de viabilidade do hub (oferta N3),min,3200,Nm³ CH4/dia,Metodo_CP2b/fl_espacial/config_fl.yaml,line 140,min: 3200,S,comentário da linha 138 diz ≈ 500 / 240 / 80 kWe
fl_qmin_med,M1_fl_espacial,Q_min: limiar de viabilidade do hub (oferta N3),med,1500,Nm³ CH4/dia,Metodo_CP2b/fl_espacial/config_fl.yaml,line 141,med: 1500,S,comentário da linha 138 diz ≈ 500 / 240 / 80 kWe
fl_qmin_max,M1_fl_espacial,Q_min: limiar de viabilidade do hub (oferta N3),max,500,Nm³ CH4/dia,Metodo_CP2b/fl_espacial/config_fl.yaml,line 142,max: 500,S,comentário da linha 138 diz ≈ 500 / 240 / 80 kWe
fl_biometano_ref,M1_fl_espacial,referência de biometano (só informativa),,10000,m³/dia,Metodo_CP2b/fl_espacial/config_fl.yaml,line 143,biometano_referencia_m3dia: 10000   # só informativo (contagem de hubs),S,
fl_tol_robustez,M1_fl_espacial,tolerância |ΔFL| para reportar duas versões,,0.02,FL (fração),Metodo_CP2b/fl_espacial/config_fl.yaml,line 150,tolerancia_robustez_alocacao: 0.02   # |ΔFL| estadual acima disso → reportar as duas versões (04b_alocacao.py),S,
fl_palha_percentis_min,M1_fl_espacial,percentis r1/r2 da distância palha→usina,min,50/90,percentil,Metodo_CP2b/fl_espacial/config_fl.yaml,line 159,"min: [50, 90]",S,
fl_palha_percentis_med,M1_fl_espacial,percentis r1/r2 da distância palha→usina,med,75/95,percentil,Metodo_CP2b/fl_espacial/config_fl.yaml,line 160,"med: [75, 95]",S,
fl_palha_percentis_max,M1_fl_espacial,percentis r1/r2 da distância palha→usina,max,90/99,percentil,Metodo_CP2b/fl_espacial/config_fl.yaml,line 161,"max: [90, 99]",S,
fl_validacao_raio,M1_fl_espacial,raio de acerto (planta operante a ≤ x de hub viável),,2,km,Metodo_CP2b/fl_espacial/config_fl.yaml,line 168,raio_acerto_km: 2,S,
fl_dup_mesmo_mun,M1_fl_espacial,distância para considerar registro MapBiomas duplicata de planta ANP,,5,km,Metodo_CP2b/fl_espacial/config_fl.yaml,line 171,duplicata_mesmo_municipio_km: 5     # registro MapBiomas a ≤ 5 km de uma planta ANP do mesmo município = mesma planta,S,
fl_palha_dist_p25,M1_fl_espacial,"distância por estrada célula de cana→usina mais próxima, P25 ponderado pela palha (N3 med)",,12.91,km,Metodo_CP2b/fl_espacial/outputs/palha_usinas_calibracao.csv,row 2,"P25,12.91,10.61,",S,calibração (D a partir de OSM + N3)
fl_palha_dist_p50,M1_fl_espacial,"distância por estrada célula de cana→usina mais próxima, P50 ponderado pela palha (N3 med)",,19.51,km,Metodo_CP2b/fl_espacial/outputs/palha_usinas_calibracao.csv,row 3,"P50,19.51,16.6,17.0",S,calibração (D a partir de OSM + N3)
fl_palha_dist_p75,M1_fl_espacial,"distância por estrada célula de cana→usina mais próxima, P75 ponderado pela palha (N3 med)",,27.17,km,Metodo_CP2b/fl_espacial/outputs/palha_usinas_calibracao.csv,row 4,"P75,27.17,23.79,24.0",S,calibração (D a partir de OSM + N3)
fl_palha_dist_p90,M1_fl_espacial,"distância por estrada célula de cana→usina mais próxima, P90 ponderado pela palha (N3 med)",,35.22,km,Metodo_CP2b/fl_espacial/outputs/palha_usinas_calibracao.csv,row 5,"P90,35.22,31.02,31.0",S,calibração (D a partir de OSM + N3)
fl_palha_dist_p95,M1_fl_espacial,"distância por estrada célula de cana→usina mais próxima, P95 ponderado pela palha (N3 med)",,41.68,km,Metodo_CP2b/fl_espacial/outputs/palha_usinas_calibracao.csv,row 6,"P95,41.68,37.19,37.0",S,calibração (D a partir de OSM + N3)
fl_palha_dist_p99,M1_fl_espacial,"distância por estrada célula de cana→usina mais próxima, P99 ponderado pela palha (N3 med)",,53.8,km,Metodo_CP2b/fl_espacial/outputs/palha_usinas_calibracao.csv,row 7,"P99,53.8,49.47,50.0",S,calibração (D a partir de OSM + N3)
fl_tortuosidade_1_5,M1_fl_espacial,"razão estrada/euclidiana mediana, faixa [1, 5) km (grafo completo)",,1.442,razão (-),Metodo_CP2b/fl_espacial/outputs/tortuosidade_resumo.csv,row 2,"""[1, 5)"",400.0,1.442,1.182,2.545,1.455,1.183,3.023",S,5.000 pares OD; D a partir de OSM Geofabrik Sudeste jan/2026
fl_tortuosidade_5_10,M1_fl_espacial,"razão estrada/euclidiana mediana, faixa [5, 10) km (grafo completo)",,1.375,razão (-),Metodo_CP2b/fl_espacial/outputs/tortuosidade_resumo.csv,row 3,"""[5, 10)"",482.0,1.375,1.157,1.918,1.388,1.157,1.979",S,5.000 pares OD; D a partir de OSM Geofabrik Sudeste jan/2026
fl_tortuosidade_10_20,M1_fl_espacial,"razão estrada/euclidiana mediana, faixa [10, 20) km (grafo completo)",,1.32,razão (-),Metodo_CP2b/fl_espacial/outputs/tortuosidade_resumo.csv,row 4,"""[10, 20)"",862.0,1.32,1.159,1.643,1.326,1.164,1.718",S,5.000 pares OD; D a partir de OSM Geofabrik Sudeste jan/2026
fl_tortuosidade_20_40,M1_fl_espacial,"razão estrada/euclidiana mediana, faixa [20, 40) km (grafo completo)",,1.286,razão (-),Metodo_CP2b/fl_espacial/outputs/tortuosidade_resumo.csv,row 5,"""[20, 40)"",1723.0,1.286,1.151,1.55,1.297,1.155,1.577",S,5.000 pares OD; D a partir de OSM Geofabrik Sudeste jan/2026
fl_tortuosidade_40_60,M1_fl_espacial,"razão estrada/euclidiana mediana, faixa [40, 60) km (grafo completo)",,1.267,razão (-),Metodo_CP2b/fl_espacial/outputs/tortuosidade_resumo.csv,row 6,"""[40, 60)"",1533.0,1.267,1.142,1.481,1.277,1.145,1.5",S,5.000 pares OD; D a partir de OSM Geofabrik Sudeste jan/2026
fl_tortuosidade_todos,M1_fl_espacial,"razão estrada/euclidiana mediana, faixa todos km (grafo completo)",,1.295,razão (-),Metodo_CP2b/fl_espacial/outputs/tortuosidade_resumo.csv,row 7,"todos,5000.0,1.295,1.152,1.641,1.305,1.154,1.682",S,5.000 pares OD; D a partir de OSM Geofabrik Sudeste jan/2026
cp2b_bagaco_g_min,M2_cascata_CP2b,g de BAGACO,min,0.25,t úmida / t cana moída,Metodo_CP2b/cp2b_params.py,line 84,"g=T(0.25, 0.28, 0.30), g_unid=""t úmida / t cana moída"", yaml=""BAGACO"",",S,
cp2b_bagaco_g_med,M2_cascata_CP2b,g de BAGACO,med,0.28,t úmida / t cana moída,Metodo_CP2b/cp2b_params.py,line 84,"g=T(0.25, 0.28, 0.30), g_unid=""t úmida / t cana moída"", yaml=""BAGACO"",",S,
cp2b_bagaco_g_max,M2_cascata_CP2b,g de BAGACO,max,0.3,t úmida / t cana moída,Metodo_CP2b/cp2b_params.py,line 84,"g=T(0.25, 0.28, 0.30), g_unid=""t úmida / t cana moída"", yaml=""BAGACO"",",S,
cp2b_bagaco_fc_min,M2_cascata_CP2b,FC de BAGACO,min,0.9,fração (0–1),Metodo_CP2b/cp2b_params.py,line 85,"FC=T(0.90, 0.95, 0.98), FCo=T(0.05, 0.10, 0.15), FS=T(0.95, 0.97, 0.99), FL=""espacial"",",S,
cp2b_bagaco_fc_med,M2_cascata_CP2b,FC de BAGACO,med,0.95,fração (0–1),Metodo_CP2b/cp2b_params.py,line 85,"FC=T(0.90, 0.95, 0.98), FCo=T(0.05, 0.10, 0.15), FS=T(0.95, 0.97, 0.99), FL=""espacial"",",S,
cp2b_bagaco_fc_max,M2_cascata_CP2b,FC de BAGACO,max,0.98,fração (0–1),Metodo_CP2b/cp2b_params.py,line 85,"FC=T(0.90, 0.95, 0.98), FCo=T(0.05, 0.10, 0.15), FS=T(0.95, 0.97, 0.99), FL=""espacial"",",S,
cp2b_bagaco_fco_min,M2_cascata_CP2b,FCo de BAGACO,min,0.05,fração (0–1),Metodo_CP2b/cp2b_params.py,line 85,"FC=T(0.90, 0.95, 0.98), FCo=T(0.05, 0.10, 0.15), FS=T(0.95, 0.97, 0.99), FL=""espacial"",",S,
cp2b_bagaco_fco_med,M2_cascata_CP2b,FCo de BAGACO,med,0.1,fração (0–1),Metodo_CP2b/cp2b_params.py,line 85,"FC=T(0.90, 0.95, 0.98), FCo=T(0.05, 0.10, 0.15), FS=T(0.95, 0.97, 0.99), FL=""espacial"",",S,
cp2b_bagaco_fco_max,M2_cascata_CP2b,FCo de BAGACO,max,0.15,fração (0–1),Metodo_CP2b/cp2b_params.py,line 85,"FC=T(0.90, 0.95, 0.98), FCo=T(0.05, 0.10, 0.15), FS=T(0.95, 0.97, 0.99), FL=""espacial"",",S,
cp2b_bagaco_fs_min,M2_cascata_CP2b,FS de BAGACO,min,0.95,fração (0–1),Metodo_CP2b/cp2b_params.py,line 85,"FC=T(0.90, 0.95, 0.98), FCo=T(0.05, 0.10, 0.15), FS=T(0.95, 0.97, 0.99), FL=""espacial"",",S,
cp2b_bagaco_fs_med,M2_cascata_CP2b,FS de BAGACO,med,0.97,fração (0–1),Metodo_CP2b/cp2b_params.py,line 85,"FC=T(0.90, 0.95, 0.98), FCo=T(0.05, 0.10, 0.15), FS=T(0.95, 0.97, 0.99), FL=""espacial"",",S,
cp2b_bagaco_fs_max,M2_cascata_CP2b,FS de BAGACO,max,0.99,fração (0–1),Metodo_CP2b/cp2b_params.py,line 85,"FC=T(0.90, 0.95, 0.98), FCo=T(0.05, 0.10, 0.15), FS=T(0.95, 0.97, 0.99), FL=""espacial"",",S,
cp2b_torta_filtro_g_min,M2_cascata_CP2b,g de TORTA_FILTRO,min,0.03,t úmida / t cana moída,Metodo_CP2b/cp2b_params.py,line 89,"g=T(0.030, 0.035, 0.040), g_unid=""t úmida / t cana moída"", yaml=""TORTA_FILTRO"",",S,
cp2b_torta_filtro_g_med,M2_cascata_CP2b,g de TORTA_FILTRO,med,0.035,t úmida / t cana moída,Metodo_CP2b/cp2b_params.py,line 89,"g=T(0.030, 0.035, 0.040), g_unid=""t úmida / t cana moída"", yaml=""TORTA_FILTRO"",",S,
cp2b_torta_filtro_g_max,M2_cascata_CP2b,g de TORTA_FILTRO,max,0.04,t úmida / t cana moída,Metodo_CP2b/cp2b_params.py,line 89,"g=T(0.030, 0.035, 0.040), g_unid=""t úmida / t cana moída"", yaml=""TORTA_FILTRO"",",S,
cp2b_torta_filtro_fc_min,M2_cascata_CP2b,FC de TORTA_FILTRO,min,0.85,fração (0–1),Metodo_CP2b/cp2b_params.py,line 90,"FC=T(0.85, 0.90, 0.95), FCo=T(0.90, 1.00, 1.00), FS=T(0.85, 0.90, 0.95), FL=""espacial"",",S,
cp2b_torta_filtro_fc_med,M2_cascata_CP2b,FC de TORTA_FILTRO,med,0.9,fração (0–1),Metodo_CP2b/cp2b_params.py,line 90,"FC=T(0.85, 0.90, 0.95), FCo=T(0.90, 1.00, 1.00), FS=T(0.85, 0.90, 0.95), FL=""espacial"",",S,
cp2b_torta_filtro_fc_max,M2_cascata_CP2b,FC de TORTA_FILTRO,max,0.95,fração (0–1),Metodo_CP2b/cp2b_params.py,line 90,"FC=T(0.85, 0.90, 0.95), FCo=T(0.90, 1.00, 1.00), FS=T(0.85, 0.90, 0.95), FL=""espacial"",",S,
cp2b_torta_filtro_fco_min,M2_cascata_CP2b,FCo de TORTA_FILTRO,min,0.9,fração (0–1),Metodo_CP2b/cp2b_params.py,line 90,"FC=T(0.85, 0.90, 0.95), FCo=T(0.90, 1.00, 1.00), FS=T(0.85, 0.90, 0.95), FL=""espacial"",",S,
cp2b_torta_filtro_fco_med,M2_cascata_CP2b,FCo de TORTA_FILTRO,med,1.0,fração (0–1),Metodo_CP2b/cp2b_params.py,line 90,"FC=T(0.85, 0.90, 0.95), FCo=T(0.90, 1.00, 1.00), FS=T(0.85, 0.90, 0.95), FL=""espacial"",",S,
cp2b_torta_filtro_fco_max,M2_cascata_CP2b,FCo de TORTA_FILTRO,max,1.0,fração (0–1),Metodo_CP2b/cp2b_params.py,line 90,"FC=T(0.85, 0.90, 0.95), FCo=T(0.90, 1.00, 1.00), FS=T(0.85, 0.90, 0.95), FL=""espacial"",",S,
cp2b_torta_filtro_fs_min,M2_cascata_CP2b,FS de TORTA_FILTRO,min,0.85,fração (0–1),Metodo_CP2b/cp2b_params.py,line 90,"FC=T(0.85, 0.90, 0.95), FCo=T(0.90, 1.00, 1.00), FS=T(0.85, 0.90, 0.95), FL=""espacial"",",S,
cp2b_torta_filtro_fs_med,M2_cascata_CP2b,FS de TORTA_FILTRO,med,0.9,fração (0–1),Metodo_CP2b/cp2b_params.py,line 90,"FC=T(0.85, 0.90, 0.95), FCo=T(0.90, 1.00, 1.00), FS=T(0.85, 0.90, 0.95), FL=""espacial"",",S,
cp2b_torta_filtro_fs_max,M2_cascata_CP2b,FS de TORTA_FILTRO,max,0.95,fração (0–1),Metodo_CP2b/cp2b_params.py,line 90,"FC=T(0.85, 0.90, 0.95), FCo=T(0.90, 1.00, 1.00), FS=T(0.85, 0.90, 0.95), FL=""espacial"",",S,
cp2b_vinhaca_direto_min,M2_cascata_CP2b,direto de VINHACA,min,57.0,Nm³ CH4 / m³ etanol,Metodo_CP2b/cp2b_params.py,line 93,"direto=T(57.0, 65.55, 74.1), g_unid=""Nm³ CH4 / m³ etanol"", yaml=None,",S,
cp2b_vinhaca_direto_med,M2_cascata_CP2b,direto de VINHACA,med,65.55,Nm³ CH4 / m³ etanol,Metodo_CP2b/cp2b_params.py,line 93,"direto=T(57.0, 65.55, 74.1), g_unid=""Nm³ CH4 / m³ etanol"", yaml=None,",S,
cp2b_vinhaca_direto_max,M2_cascata_CP2b,direto de VINHACA,max,74.1,Nm³ CH4 / m³ etanol,Metodo_CP2b/cp2b_params.py,line 93,"direto=T(57.0, 65.55, 74.1), g_unid=""Nm³ CH4 / m³ etanol"", yaml=None,",S,
cp2b_vinhaca_fc_min,M2_cascata_CP2b,FC de VINHACA,min,0.9,fração (0–1),Metodo_CP2b/cp2b_params.py,line 94,"FC=T(0.90, 0.95, 0.98), FCo=T(0.90, 1.00, 1.00), FS=T(0.85, 0.92, 0.98), FL=""espacial"", FL_ref=""VINHACA"",",S,
cp2b_vinhaca_fc_med,M2_cascata_CP2b,FC de VINHACA,med,0.95,fração (0–1),Metodo_CP2b/cp2b_params.py,line 94,"FC=T(0.90, 0.95, 0.98), FCo=T(0.90, 1.00, 1.00), FS=T(0.85, 0.92, 0.98), FL=""espacial"", FL_ref=""VINHACA"",",S,
cp2b_vinhaca_fc_max,M2_cascata_CP2b,FC de VINHACA,max,0.98,fração (0–1),Metodo_CP2b/cp2b_params.py,line 94,"FC=T(0.90, 0.95, 0.98), FCo=T(0.90, 1.00, 1.00), FS=T(0.85, 0.92, 0.98), FL=""espacial"", FL_ref=""VINHACA"",",S,
cp2b_vinhaca_fco_min,M2_cascata_CP2b,FCo de VINHACA,min,0.9,fração (0–1),Metodo_CP2b/cp2b_params.py,line 94,"FC=T(0.90, 0.95, 0.98), FCo=T(0.90, 1.00, 1.00), FS=T(0.85, 0.92, 0.98), FL=""espacial"", FL_ref=""VINHACA"",",S,
cp2b_vinhaca_fco_med,M2_cascata_CP2b,FCo de VINHACA,med,1.0,fração (0–1),Metodo_CP2b/cp2b_params.py,line 94,"FC=T(0.90, 0.95, 0.98), FCo=T(0.90, 1.00, 1.00), FS=T(0.85, 0.92, 0.98), FL=""espacial"", FL_ref=""VINHACA"",",S,
cp2b_vinhaca_fco_max,M2_cascata_CP2b,FCo de VINHACA,max,1.0,fração (0–1),Metodo_CP2b/cp2b_params.py,line 94,"FC=T(0.90, 0.95, 0.98), FCo=T(0.90, 1.00, 1.00), FS=T(0.85, 0.92, 0.98), FL=""espacial"", FL_ref=""VINHACA"",",S,
cp2b_vinhaca_fs_min,M2_cascata_CP2b,FS de VINHACA,min,0.85,fração (0–1),Metodo_CP2b/cp2b_params.py,line 94,"FC=T(0.90, 0.95, 0.98), FCo=T(0.90, 1.00, 1.00), FS=T(0.85, 0.92, 0.98), FL=""espacial"", FL_ref=""VINHACA"",",S,
cp2b_vinhaca_fs_med,M2_cascata_CP2b,FS de VINHACA,med,0.92,fração (0–1),Metodo_CP2b/cp2b_params.py,line 94,"FC=T(0.90, 0.95, 0.98), FCo=T(0.90, 1.00, 1.00), FS=T(0.85, 0.92, 0.98), FL=""espacial"", FL_ref=""VINHACA"",",S,
cp2b_vinhaca_fs_max,M2_cascata_CP2b,FS de VINHACA,max,0.98,fração (0–1),Metodo_CP2b/cp2b_params.py,line 94,"FC=T(0.90, 0.95, 0.98), FCo=T(0.90, 1.00, 1.00), FS=T(0.85, 0.92, 0.98), FL=""espacial"", FL_ref=""VINHACA"",",S,
cp2b_palha_g_min,M2_cascata_CP2b,g de PALHA,min,0.12,t MS / t cana colhida (PAM),Metodo_CP2b/cp2b_params.py,line 97,"g=T(0.12, 0.14, 0.15), g_unid=""t MS / t cana colhida (PAM)"", yaml=""PALHA"", ts_override=T(1.0, 1.0, 1.0),",S,
cp2b_palha_g_med,M2_cascata_CP2b,g de PALHA,med,0.14,t MS / t cana colhida (PAM),Metodo_CP2b/cp2b_params.py,line 97,"g=T(0.12, 0.14, 0.15), g_unid=""t MS / t cana colhida (PAM)"", yaml=""PALHA"", ts_override=T(1.0, 1.0, 1.0),",S,
cp2b_palha_g_max,M2_cascata_CP2b,g de PALHA,max,0.15,t MS / t cana colhida (PAM),Metodo_CP2b/cp2b_params.py,line 97,"g=T(0.12, 0.14, 0.15), g_unid=""t MS / t cana colhida (PAM)"", yaml=""PALHA"", ts_override=T(1.0, 1.0, 1.0),",S,
cp2b_palha_ts_override_min,M2_cascata_CP2b,ts_override de PALHA,min,1.0,fração (0–1),Metodo_CP2b/cp2b_params.py,line 97,"g=T(0.12, 0.14, 0.15), g_unid=""t MS / t cana colhida (PAM)"", yaml=""PALHA"", ts_override=T(1.0, 1.0, 1.0),",S,
cp2b_palha_ts_override_med,M2_cascata_CP2b,ts_override de PALHA,med,1.0,fração (0–1),Metodo_CP2b/cp2b_params.py,line 97,"g=T(0.12, 0.14, 0.15), g_unid=""t MS / t cana colhida (PAM)"", yaml=""PALHA"", ts_override=T(1.0, 1.0, 1.0),",S,
cp2b_palha_ts_override_max,M2_cascata_CP2b,ts_override de PALHA,max,1.0,fração (0–1),Metodo_CP2b/cp2b_params.py,line 97,"g=T(0.12, 0.14, 0.15), g_unid=""t MS / t cana colhida (PAM)"", yaml=""PALHA"", ts_override=T(1.0, 1.0, 1.0),",S,
cp2b_palha_fc_min,M2_cascata_CP2b,FC de PALHA,min,0.35,fração (0–1),Metodo_CP2b/cp2b_params.py,line 98,"FC=T(0.35, 0.40, 0.50), FCo=T(0.80, 0.90, 0.95), FS=T(0.85, 0.92, 0.97), FL=""espacial"",",S,
cp2b_palha_fc_med,M2_cascata_CP2b,FC de PALHA,med,0.4,fração (0–1),Metodo_CP2b/cp2b_params.py,line 98,"FC=T(0.35, 0.40, 0.50), FCo=T(0.80, 0.90, 0.95), FS=T(0.85, 0.92, 0.97), FL=""espacial"",",S,
cp2b_palha_fc_max,M2_cascata_CP2b,FC de PALHA,max,0.5,fração (0–1),Metodo_CP2b/cp2b_params.py,line 98,"FC=T(0.35, 0.40, 0.50), FCo=T(0.80, 0.90, 0.95), FS=T(0.85, 0.92, 0.97), FL=""espacial"",",S,
cp2b_palha_fco_min,M2_cascata_CP2b,FCo de PALHA,min,0.8,fração (0–1),Metodo_CP2b/cp2b_params.py,line 98,"FC=T(0.35, 0.40, 0.50), FCo=T(0.80, 0.90, 0.95), FS=T(0.85, 0.92, 0.97), FL=""espacial"",",S,
cp2b_palha_fco_med,M2_cascata_CP2b,FCo de PALHA,med,0.9,fração (0–1),Metodo_CP2b/cp2b_params.py,line 98,"FC=T(0.35, 0.40, 0.50), FCo=T(0.80, 0.90, 0.95), FS=T(0.85, 0.92, 0.97), FL=""espacial"",",S,
cp2b_palha_fco_max,M2_cascata_CP2b,FCo de PALHA,max,0.95,fração (0–1),Metodo_CP2b/cp2b_params.py,line 98,"FC=T(0.35, 0.40, 0.50), FCo=T(0.80, 0.90, 0.95), FS=T(0.85, 0.92, 0.97), FL=""espacial"",",S,
cp2b_palha_fs_min,M2_cascata_CP2b,FS de PALHA,min,0.85,fração (0–1),Metodo_CP2b/cp2b_params.py,line 98,"FC=T(0.35, 0.40, 0.50), FCo=T(0.80, 0.90, 0.95), FS=T(0.85, 0.92, 0.97), FL=""espacial"",",S,
cp2b_palha_fs_med,M2_cascata_CP2b,FS de PALHA,med,0.92,fração (0–1),Metodo_CP2b/cp2b_params.py,line 98,"FC=T(0.35, 0.40, 0.50), FCo=T(0.80, 0.90, 0.95), FS=T(0.85, 0.92, 0.97), FL=""espacial"",",S,
cp2b_palha_fs_max,M2_cascata_CP2b,FS de PALHA,max,0.97,fração (0–1),Metodo_CP2b/cp2b_params.py,line 98,"FC=T(0.35, 0.40, 0.50), FCo=T(0.80, 0.90, 0.95), FS=T(0.85, 0.92, 0.97), FL=""espacial"",",S,
cp2b_palha_milho_g_min,M2_cascata_CP2b,g de PALHA_MILHO,min,1.0,t / t grão,Metodo_CP2b/cp2b_params.py,line 104,"g=T(1.0, 1.1, 1.2), g_unid=""t / t grão"", yaml=""PALHA_MILHO"",",S,
cp2b_palha_milho_g_med,M2_cascata_CP2b,g de PALHA_MILHO,med,1.1,t / t grão,Metodo_CP2b/cp2b_params.py,line 104,"g=T(1.0, 1.1, 1.2), g_unid=""t / t grão"", yaml=""PALHA_MILHO"",",S,
cp2b_palha_milho_g_max,M2_cascata_CP2b,g de PALHA_MILHO,max,1.2,t / t grão,Metodo_CP2b/cp2b_params.py,line 104,"g=T(1.0, 1.1, 1.2), g_unid=""t / t grão"", yaml=""PALHA_MILHO"",",S,
cp2b_palha_milho_fc_min,M2_cascata_CP2b,FC de PALHA_MILHO,min,0.25,fração (0–1),Metodo_CP2b/cp2b_params.py,line 105,"FC=T(0.25, 0.40, 0.50), FCo=T(0.85, 0.95, 1.00), FS=T(0.85, 0.90, 0.95), FL=""espacial"",",S,
cp2b_palha_milho_fc_med,M2_cascata_CP2b,FC de PALHA_MILHO,med,0.4,fração (0–1),Metodo_CP2b/cp2b_params.py,line 105,"FC=T(0.25, 0.40, 0.50), FCo=T(0.85, 0.95, 1.00), FS=T(0.85, 0.90, 0.95), FL=""espacial"",",S,
cp2b_palha_milho_fc_max,M2_cascata_CP2b,FC de PALHA_MILHO,max,0.5,fração (0–1),Metodo_CP2b/cp2b_params.py,line 105,"FC=T(0.25, 0.40, 0.50), FCo=T(0.85, 0.95, 1.00), FS=T(0.85, 0.90, 0.95), FL=""espacial"",",S,
cp2b_palha_milho_fco_min,M2_cascata_CP2b,FCo de PALHA_MILHO,min,0.85,fração (0–1),Metodo_CP2b/cp2b_params.py,line 105,"FC=T(0.25, 0.40, 0.50), FCo=T(0.85, 0.95, 1.00), FS=T(0.85, 0.90, 0.95), FL=""espacial"",",S,
cp2b_palha_milho_fco_med,M2_cascata_CP2b,FCo de PALHA_MILHO,med,0.95,fração (0–1),Metodo_CP2b/cp2b_params.py,line 105,"FC=T(0.25, 0.40, 0.50), FCo=T(0.85, 0.95, 1.00), FS=T(0.85, 0.90, 0.95), FL=""espacial"",",S,
cp2b_palha_milho_fco_max,M2_cascata_CP2b,FCo de PALHA_MILHO,max,1.0,fração (0–1),Metodo_CP2b/cp2b_params.py,line 105,"FC=T(0.25, 0.40, 0.50), FCo=T(0.85, 0.95, 1.00), FS=T(0.85, 0.90, 0.95), FL=""espacial"",",S,
cp2b_palha_milho_fs_min,M2_cascata_CP2b,FS de PALHA_MILHO,min,0.85,fração (0–1),Metodo_CP2b/cp2b_params.py,line 105,"FC=T(0.25, 0.40, 0.50), FCo=T(0.85, 0.95, 1.00), FS=T(0.85, 0.90, 0.95), FL=""espacial"",",S,
cp2b_palha_milho_fs_med,M2_cascata_CP2b,FS de PALHA_MILHO,med,0.9,fração (0–1),Metodo_CP2b/cp2b_params.py,line 105,"FC=T(0.25, 0.40, 0.50), FCo=T(0.85, 0.95, 1.00), FS=T(0.85, 0.90, 0.95), FL=""espacial"",",S,
cp2b_palha_milho_fs_max,M2_cascata_CP2b,FS de PALHA_MILHO,max,0.95,fração (0–1),Metodo_CP2b/cp2b_params.py,line 105,"FC=T(0.25, 0.40, 0.50), FCo=T(0.85, 0.95, 1.00), FS=T(0.85, 0.90, 0.95), FL=""espacial"",",S,
cp2b_palha_soja_g_min,M2_cascata_CP2b,g de PALHA_SOJA,min,1.35,t / t grão,Metodo_CP2b/cp2b_params.py,line 108,"g=T(1.35, 1.40, 1.50), g_unid=""t / t grão"", yaml=""PALHA_SOJA"",",S,
cp2b_palha_soja_g_med,M2_cascata_CP2b,g de PALHA_SOJA,med,1.4,t / t grão,Metodo_CP2b/cp2b_params.py,line 108,"g=T(1.35, 1.40, 1.50), g_unid=""t / t grão"", yaml=""PALHA_SOJA"",",S,
cp2b_palha_soja_g_max,M2_cascata_CP2b,g de PALHA_SOJA,max,1.5,t / t grão,Metodo_CP2b/cp2b_params.py,line 108,"g=T(1.35, 1.40, 1.50), g_unid=""t / t grão"", yaml=""PALHA_SOJA"",",S,
cp2b_palha_soja_fc_min,M2_cascata_CP2b,FC de PALHA_SOJA,min,0.2,fração (0–1),Metodo_CP2b/cp2b_params.py,line 109,"FC=T(0.20, 0.30, 0.40), FCo=T(0.90, 1.00, 1.00), FS=T(0.85, 0.90, 0.95), FL=""espacial"",",S,
cp2b_palha_soja_fc_med,M2_cascata_CP2b,FC de PALHA_SOJA,med,0.3,fração (0–1),Metodo_CP2b/cp2b_params.py,line 109,"FC=T(0.20, 0.30, 0.40), FCo=T(0.90, 1.00, 1.00), FS=T(0.85, 0.90, 0.95), FL=""espacial"",",S,
cp2b_palha_soja_fc_max,M2_cascata_CP2b,FC de PALHA_SOJA,max,0.4,fração (0–1),Metodo_CP2b/cp2b_params.py,line 109,"FC=T(0.20, 0.30, 0.40), FCo=T(0.90, 1.00, 1.00), FS=T(0.85, 0.90, 0.95), FL=""espacial"",",S,
cp2b_palha_soja_fco_min,M2_cascata_CP2b,FCo de PALHA_SOJA,min,0.9,fração (0–1),Metodo_CP2b/cp2b_params.py,line 109,"FC=T(0.20, 0.30, 0.40), FCo=T(0.90, 1.00, 1.00), FS=T(0.85, 0.90, 0.95), FL=""espacial"",",S,
cp2b_palha_soja_fco_med,M2_cascata_CP2b,FCo de PALHA_SOJA,med,1.0,fração (0–1),Metodo_CP2b/cp2b_params.py,line 109,"FC=T(0.20, 0.30, 0.40), FCo=T(0.90, 1.00, 1.00), FS=T(0.85, 0.90, 0.95), FL=""espacial"",",S,
cp2b_palha_soja_fco_max,M2_cascata_CP2b,FCo de PALHA_SOJA,max,1.0,fração (0–1),Metodo_CP2b/cp2b_params.py,line 109,"FC=T(0.20, 0.30, 0.40), FCo=T(0.90, 1.00, 1.00), FS=T(0.85, 0.90, 0.95), FL=""espacial"",",S,
cp2b_palha_soja_fs_min,M2_cascata_CP2b,FS de PALHA_SOJA,min,0.85,fração (0–1),Metodo_CP2b/cp2b_params.py,line 109,"FC=T(0.20, 0.30, 0.40), FCo=T(0.90, 1.00, 1.00), FS=T(0.85, 0.90, 0.95), FL=""espacial"",",S,
cp2b_palha_soja_fs_med,M2_cascata_CP2b,FS de PALHA_SOJA,med,0.9,fração (0–1),Metodo_CP2b/cp2b_params.py,line 109,"FC=T(0.20, 0.30, 0.40), FCo=T(0.90, 1.00, 1.00), FS=T(0.85, 0.90, 0.95), FL=""espacial"",",S,
cp2b_palha_soja_fs_max,M2_cascata_CP2b,FS de PALHA_SOJA,max,0.95,fração (0–1),Metodo_CP2b/cp2b_params.py,line 109,"FC=T(0.20, 0.30, 0.40), FCo=T(0.90, 1.00, 1.00), FS=T(0.85, 0.90, 0.95), FL=""espacial"",",S,
cp2b_casca_cafe_g_min,M2_cascata_CP2b,g de CASCA_CAFE,min,1.0,t / t café beneficiado,Metodo_CP2b/cp2b_params.py,line 112,"g=T(1.0, 1.0, 1.18), g_unid=""t / t café beneficiado"", yaml=""CASCA_CAFE"",",S,
cp2b_casca_cafe_g_med,M2_cascata_CP2b,g de CASCA_CAFE,med,1.0,t / t café beneficiado,Metodo_CP2b/cp2b_params.py,line 112,"g=T(1.0, 1.0, 1.18), g_unid=""t / t café beneficiado"", yaml=""CASCA_CAFE"",",S,
cp2b_casca_cafe_g_max,M2_cascata_CP2b,g de CASCA_CAFE,max,1.18,t / t café beneficiado,Metodo_CP2b/cp2b_params.py,line 112,"g=T(1.0, 1.0, 1.18), g_unid=""t / t café beneficiado"", yaml=""CASCA_CAFE"",",S,
cp2b_casca_cafe_fc_min,M2_cascata_CP2b,FC de CASCA_CAFE,min,0.8,fração (0–1),Metodo_CP2b/cp2b_params.py,line 113,"FC=T(0.80, 0.90, 0.95), FCo=T(0.50, 0.60, 0.70), FS=T(0.90, 0.95, 0.98), FL=""espacial"",",S,
cp2b_casca_cafe_fc_med,M2_cascata_CP2b,FC de CASCA_CAFE,med,0.9,fração (0–1),Metodo_CP2b/cp2b_params.py,line 113,"FC=T(0.80, 0.90, 0.95), FCo=T(0.50, 0.60, 0.70), FS=T(0.90, 0.95, 0.98), FL=""espacial"",",S,
cp2b_casca_cafe_fc_max,M2_cascata_CP2b,FC de CASCA_CAFE,max,0.95,fração (0–1),Metodo_CP2b/cp2b_params.py,line 113,"FC=T(0.80, 0.90, 0.95), FCo=T(0.50, 0.60, 0.70), FS=T(0.90, 0.95, 0.98), FL=""espacial"",",S,
cp2b_casca_cafe_fco_min,M2_cascata_CP2b,FCo de CASCA_CAFE,min,0.5,fração (0–1),Metodo_CP2b/cp2b_params.py,line 113,"FC=T(0.80, 0.90, 0.95), FCo=T(0.50, 0.60, 0.70), FS=T(0.90, 0.95, 0.98), FL=""espacial"",",S,
cp2b_casca_cafe_fco_med,M2_cascata_CP2b,FCo de CASCA_CAFE,med,0.6,fração (0–1),Metodo_CP2b/cp2b_params.py,line 113,"FC=T(0.80, 0.90, 0.95), FCo=T(0.50, 0.60, 0.70), FS=T(0.90, 0.95, 0.98), FL=""espacial"",",S,
cp2b_casca_cafe_fco_max,M2_cascata_CP2b,FCo de CASCA_CAFE,max,0.7,fração (0–1),Metodo_CP2b/cp2b_params.py,line 113,"FC=T(0.80, 0.90, 0.95), FCo=T(0.50, 0.60, 0.70), FS=T(0.90, 0.95, 0.98), FL=""espacial"",",S,
cp2b_casca_cafe_fs_min,M2_cascata_CP2b,FS de CASCA_CAFE,min,0.9,fração (0–1),Metodo_CP2b/cp2b_params.py,line 113,"FC=T(0.80, 0.90, 0.95), FCo=T(0.50, 0.60, 0.70), FS=T(0.90, 0.95, 0.98), FL=""espacial"",",S,
cp2b_casca_cafe_fs_med,M2_cascata_CP2b,FS de CASCA_CAFE,med,0.95,fração (0–1),Metodo_CP2b/cp2b_params.py,line 113,"FC=T(0.80, 0.90, 0.95), FCo=T(0.50, 0.60, 0.70), FS=T(0.90, 0.95, 0.98), FL=""espacial"",",S,
cp2b_casca_cafe_fs_max,M2_cascata_CP2b,FS de CASCA_CAFE,max,0.98,fração (0–1),Metodo_CP2b/cp2b_params.py,line 113,"FC=T(0.80, 0.90, 0.95), FCo=T(0.50, 0.60, 0.70), FS=T(0.90, 0.95, 0.98), FL=""espacial"",",S,
cp2b_bagaco_citros_g_min,M2_cascata_CP2b,g de BAGACO_CITROS,min,0.48,t úmida / t fruta,Metodo_CP2b/cp2b_params.py,line 116,"g=T(0.48, 0.50, 0.52), g_unid=""t úmida / t fruta"", yaml=""BAGACO_CITROS"",",S,
cp2b_bagaco_citros_g_med,M2_cascata_CP2b,g de BAGACO_CITROS,med,0.5,t úmida / t fruta,Metodo_CP2b/cp2b_params.py,line 116,"g=T(0.48, 0.50, 0.52), g_unid=""t úmida / t fruta"", yaml=""BAGACO_CITROS"",",S,
cp2b_bagaco_citros_g_max,M2_cascata_CP2b,g de BAGACO_CITROS,max,0.52,t úmida / t fruta,Metodo_CP2b/cp2b_params.py,line 116,"g=T(0.48, 0.50, 0.52), g_unid=""t úmida / t fruta"", yaml=""BAGACO_CITROS"",",S,
cp2b_bagaco_citros_fc_min,M2_cascata_CP2b,FC de BAGACO_CITROS,min,0.65,fração (0–1),Metodo_CP2b/cp2b_params.py,line 117,"FC=T(0.65, 0.75, 0.85), FCo=T(0.15, 0.25, 0.40), FS=T(0.80, 0.88, 0.95), FL=""espacial"",",S,
cp2b_bagaco_citros_fc_med,M2_cascata_CP2b,FC de BAGACO_CITROS,med,0.75,fração (0–1),Metodo_CP2b/cp2b_params.py,line 117,"FC=T(0.65, 0.75, 0.85), FCo=T(0.15, 0.25, 0.40), FS=T(0.80, 0.88, 0.95), FL=""espacial"",",S,
cp2b_bagaco_citros_fc_max,M2_cascata_CP2b,FC de BAGACO_CITROS,max,0.85,fração (0–1),Metodo_CP2b/cp2b_params.py,line 117,"FC=T(0.65, 0.75, 0.85), FCo=T(0.15, 0.25, 0.40), FS=T(0.80, 0.88, 0.95), FL=""espacial"",",S,
cp2b_bagaco_citros_fco_min,M2_cascata_CP2b,FCo de BAGACO_CITROS,min,0.15,fração (0–1),Metodo_CP2b/cp2b_params.py,line 117,"FC=T(0.65, 0.75, 0.85), FCo=T(0.15, 0.25, 0.40), FS=T(0.80, 0.88, 0.95), FL=""espacial"",",S,
cp2b_bagaco_citros_fco_med,M2_cascata_CP2b,FCo de BAGACO_CITROS,med,0.25,fração (0–1),Metodo_CP2b/cp2b_params.py,line 117,"FC=T(0.65, 0.75, 0.85), FCo=T(0.15, 0.25, 0.40), FS=T(0.80, 0.88, 0.95), FL=""espacial"",",S,
cp2b_bagaco_citros_fco_max,M2_cascata_CP2b,FCo de BAGACO_CITROS,max,0.4,fração (0–1),Metodo_CP2b/cp2b_params.py,line 117,"FC=T(0.65, 0.75, 0.85), FCo=T(0.15, 0.25, 0.40), FS=T(0.80, 0.88, 0.95), FL=""espacial"",",S,
cp2b_bagaco_citros_fs_min,M2_cascata_CP2b,FS de BAGACO_CITROS,min,0.8,fração (0–1),Metodo_CP2b/cp2b_params.py,line 117,"FC=T(0.65, 0.75, 0.85), FCo=T(0.15, 0.25, 0.40), FS=T(0.80, 0.88, 0.95), FL=""espacial"",",S,
cp2b_bagaco_citros_fs_med,M2_cascata_CP2b,FS de BAGACO_CITROS,med,0.88,fração (0–1),Metodo_CP2b/cp2b_params.py,line 117,"FC=T(0.65, 0.75, 0.85), FCo=T(0.15, 0.25, 0.40), FS=T(0.80, 0.88, 0.95), FL=""espacial"",",S,
cp2b_bagaco_citros_fs_max,M2_cascata_CP2b,FS de BAGACO_CITROS,max,0.95,fração (0–1),Metodo_CP2b/cp2b_params.py,line 117,"FC=T(0.65, 0.75, 0.85), FCo=T(0.15, 0.25, 0.40), FS=T(0.80, 0.88, 0.95), FL=""espacial"",",S,
cp2b_bov_leite_g_min,M2_cascata_CP2b,g de BOV_LEITE,min,10 * KG_DIA,t / vaca / ano (10–18 kg/dia),Metodo_CP2b/cp2b_params.py,line 122,"g=T(10 * KG_DIA, 14 * KG_DIA, 18 * KG_DIA), g_unid=""t / vaca / ano (10–18 kg/dia)"", yaml=""ESTERCO_BOVINO"",",S,expressão; KG_DIA = 365 / 1000 (cp2b_params.py linha 79)
cp2b_bov_leite_g_med,M2_cascata_CP2b,g de BOV_LEITE,med,14 * KG_DIA,t / vaca / ano (10–18 kg/dia),Metodo_CP2b/cp2b_params.py,line 122,"g=T(10 * KG_DIA, 14 * KG_DIA, 18 * KG_DIA), g_unid=""t / vaca / ano (10–18 kg/dia)"", yaml=""ESTERCO_BOVINO"",",S,expressão; KG_DIA = 365 / 1000 (cp2b_params.py linha 79)
cp2b_bov_leite_g_max,M2_cascata_CP2b,g de BOV_LEITE,max,18 * KG_DIA,t / vaca / ano (10–18 kg/dia),Metodo_CP2b/cp2b_params.py,line 122,"g=T(10 * KG_DIA, 14 * KG_DIA, 18 * KG_DIA), g_unid=""t / vaca / ano (10–18 kg/dia)"", yaml=""ESTERCO_BOVINO"",",S,expressão; KG_DIA = 365 / 1000 (cp2b_params.py linha 79)
cp2b_bov_leite_fc_min,M2_cascata_CP2b,FC de BOV_LEITE,min,0.4,fração (0–1),Metodo_CP2b/cp2b_params.py,line 123,"FC=T(0.40, 0.50, 0.75), FCo=T(0.90, 1.00, 1.00), FS=T(0.95, 0.98, 1.00), FL=""espacial"", FL_ref=""DEJETOS_BOVINO"",",S,
cp2b_bov_leite_fc_med,M2_cascata_CP2b,FC de BOV_LEITE,med,0.5,fração (0–1),Metodo_CP2b/cp2b_params.py,line 123,"FC=T(0.40, 0.50, 0.75), FCo=T(0.90, 1.00, 1.00), FS=T(0.95, 0.98, 1.00), FL=""espacial"", FL_ref=""DEJETOS_BOVINO"",",S,
cp2b_bov_leite_fc_max,M2_cascata_CP2b,FC de BOV_LEITE,max,0.75,fração (0–1),Metodo_CP2b/cp2b_params.py,line 123,"FC=T(0.40, 0.50, 0.75), FCo=T(0.90, 1.00, 1.00), FS=T(0.95, 0.98, 1.00), FL=""espacial"", FL_ref=""DEJETOS_BOVINO"",",S,
cp2b_bov_leite_fco_min,M2_cascata_CP2b,FCo de BOV_LEITE,min,0.9,fração (0–1),Metodo_CP2b/cp2b_params.py,line 123,"FC=T(0.40, 0.50, 0.75), FCo=T(0.90, 1.00, 1.00), FS=T(0.95, 0.98, 1.00), FL=""espacial"", FL_ref=""DEJETOS_BOVINO"",",S,
cp2b_bov_leite_fco_med,M2_cascata_CP2b,FCo de BOV_LEITE,med,1.0,fração (0–1),Metodo_CP2b/cp2b_params.py,line 123,"FC=T(0.40, 0.50, 0.75), FCo=T(0.90, 1.00, 1.00), FS=T(0.95, 0.98, 1.00), FL=""espacial"", FL_ref=""DEJETOS_BOVINO"",",S,
cp2b_bov_leite_fco_max,M2_cascata_CP2b,FCo de BOV_LEITE,max,1.0,fração (0–1),Metodo_CP2b/cp2b_params.py,line 123,"FC=T(0.40, 0.50, 0.75), FCo=T(0.90, 1.00, 1.00), FS=T(0.95, 0.98, 1.00), FL=""espacial"", FL_ref=""DEJETOS_BOVINO"",",S,
cp2b_bov_leite_fs_min,M2_cascata_CP2b,FS de BOV_LEITE,min,0.95,fração (0–1),Metodo_CP2b/cp2b_params.py,line 123,"FC=T(0.40, 0.50, 0.75), FCo=T(0.90, 1.00, 1.00), FS=T(0.95, 0.98, 1.00), FL=""espacial"", FL_ref=""DEJETOS_BOVINO"",",S,
cp2b_bov_leite_fs_med,M2_cascata_CP2b,FS de BOV_LEITE,med,0.98,fração (0–1),Metodo_CP2b/cp2b_params.py,line 123,"FC=T(0.40, 0.50, 0.75), FCo=T(0.90, 1.00, 1.00), FS=T(0.95, 0.98, 1.00), FL=""espacial"", FL_ref=""DEJETOS_BOVINO"",",S,
cp2b_bov_leite_fs_max,M2_cascata_CP2b,FS de BOV_LEITE,max,1.0,fração (0–1),Metodo_CP2b/cp2b_params.py,line 123,"FC=T(0.40, 0.50, 0.75), FCo=T(0.90, 1.00, 1.00), FS=T(0.95, 0.98, 1.00), FL=""espacial"", FL_ref=""DEJETOS_BOVINO"",",S,
cp2b_bov_confinado_g_min,M2_cascata_CP2b,g de BOV_CONFINADO,min,13.3 * KG_DIA,"t / cab / ano (13,3–25 kg/dia)",Metodo_CP2b/cp2b_params.py,line 127,"g=T(13.3 * KG_DIA, 20 * KG_DIA, 25 * KG_DIA), g_unid=""t / cab / ano (13,3–25 kg/dia)"", yaml=""ESTERCO_BOVINO"",",S,expressão; KG_DIA = 365 / 1000 (cp2b_params.py linha 79)
cp2b_bov_confinado_g_med,M2_cascata_CP2b,g de BOV_CONFINADO,med,20 * KG_DIA,"t / cab / ano (13,3–25 kg/dia)",Metodo_CP2b/cp2b_params.py,line 127,"g=T(13.3 * KG_DIA, 20 * KG_DIA, 25 * KG_DIA), g_unid=""t / cab / ano (13,3–25 kg/dia)"", yaml=""ESTERCO_BOVINO"",",S,expressão; KG_DIA = 365 / 1000 (cp2b_params.py linha 79)
cp2b_bov_confinado_g_max,M2_cascata_CP2b,g de BOV_CONFINADO,max,25 * KG_DIA,"t / cab / ano (13,3–25 kg/dia)",Metodo_CP2b/cp2b_params.py,line 127,"g=T(13.3 * KG_DIA, 20 * KG_DIA, 25 * KG_DIA), g_unid=""t / cab / ano (13,3–25 kg/dia)"", yaml=""ESTERCO_BOVINO"",",S,expressão; KG_DIA = 365 / 1000 (cp2b_params.py linha 79)
cp2b_bov_confinado_fc_min,M2_cascata_CP2b,FC de BOV_CONFINADO,min,0.4,fração (0–1),Metodo_CP2b/cp2b_params.py,line 129,"FC=T(0.40, 0.65, 0.75), FCo=T(0.90, 1.00, 1.00), FS=T(0.90, 0.95, 1.00), FL=""espacial"", FL_ref=""ESTERCO_BOVINO"",",S,
cp2b_bov_confinado_fc_med,M2_cascata_CP2b,FC de BOV_CONFINADO,med,0.65,fração (0–1),Metodo_CP2b/cp2b_params.py,line 129,"FC=T(0.40, 0.65, 0.75), FCo=T(0.90, 1.00, 1.00), FS=T(0.90, 0.95, 1.00), FL=""espacial"", FL_ref=""ESTERCO_BOVINO"",",S,
cp2b_bov_confinado_fc_max,M2_cascata_CP2b,FC de BOV_CONFINADO,max,0.75,fração (0–1),Metodo_CP2b/cp2b_params.py,line 129,"FC=T(0.40, 0.65, 0.75), FCo=T(0.90, 1.00, 1.00), FS=T(0.90, 0.95, 1.00), FL=""espacial"", FL_ref=""ESTERCO_BOVINO"",",S,
cp2b_bov_confinado_fco_min,M2_cascata_CP2b,FCo de BOV_CONFINADO,min,0.9,fração (0–1),Metodo_CP2b/cp2b_params.py,line 129,"FC=T(0.40, 0.65, 0.75), FCo=T(0.90, 1.00, 1.00), FS=T(0.90, 0.95, 1.00), FL=""espacial"", FL_ref=""ESTERCO_BOVINO"",",S,
cp2b_bov_confinado_fco_med,M2_cascata_CP2b,FCo de BOV_CONFINADO,med,1.0,fração (0–1),Metodo_CP2b/cp2b_params.py,line 129,"FC=T(0.40, 0.65, 0.75), FCo=T(0.90, 1.00, 1.00), FS=T(0.90, 0.95, 1.00), FL=""espacial"", FL_ref=""ESTERCO_BOVINO"",",S,
cp2b_bov_confinado_fco_max,M2_cascata_CP2b,FCo de BOV_CONFINADO,max,1.0,fração (0–1),Metodo_CP2b/cp2b_params.py,line 129,"FC=T(0.40, 0.65, 0.75), FCo=T(0.90, 1.00, 1.00), FS=T(0.90, 0.95, 1.00), FL=""espacial"", FL_ref=""ESTERCO_BOVINO"",",S,
cp2b_bov_confinado_fs_min,M2_cascata_CP2b,FS de BOV_CONFINADO,min,0.9,fração (0–1),Metodo_CP2b/cp2b_params.py,line 129,"FC=T(0.40, 0.65, 0.75), FCo=T(0.90, 1.00, 1.00), FS=T(0.90, 0.95, 1.00), FL=""espacial"", FL_ref=""ESTERCO_BOVINO"",",S,
cp2b_bov_confinado_fs_med,M2_cascata_CP2b,FS de BOV_CONFINADO,med,0.95,fração (0–1),Metodo_CP2b/cp2b_params.py,line 129,"FC=T(0.40, 0.65, 0.75), FCo=T(0.90, 1.00, 1.00), FS=T(0.90, 0.95, 1.00), FL=""espacial"", FL_ref=""ESTERCO_BOVINO"",",S,
cp2b_bov_confinado_fs_max,M2_cascata_CP2b,FS de BOV_CONFINADO,max,1.0,fração (0–1),Metodo_CP2b/cp2b_params.py,line 129,"FC=T(0.40, 0.65, 0.75), FCo=T(0.90, 1.00, 1.00), FS=T(0.90, 0.95, 1.00), FL=""espacial"", FL_ref=""ESTERCO_BOVINO"",",S,
cp2b_bov_pasto_misto_fc_min,M2_cascata_CP2b,FC de BOV_PASTO_MISTO,min,0.0,fração (0–1),Metodo_CP2b/cp2b_params.py,line 137,"FC=T(0.0, 0.0, 0.10), FCo=T(0.90, 1.00, 1.00), FS=T(0.95, 0.98, 1.00), FL=""ESTERCO_BOVINO"",",S,
cp2b_bov_pasto_misto_fc_med,M2_cascata_CP2b,FC de BOV_PASTO_MISTO,med,0.0,fração (0–1),Metodo_CP2b/cp2b_params.py,line 137,"FC=T(0.0, 0.0, 0.10), FCo=T(0.90, 1.00, 1.00), FS=T(0.95, 0.98, 1.00), FL=""ESTERCO_BOVINO"",",S,
cp2b_bov_pasto_misto_fc_max,M2_cascata_CP2b,FC de BOV_PASTO_MISTO,max,0.1,fração (0–1),Metodo_CP2b/cp2b_params.py,line 137,"FC=T(0.0, 0.0, 0.10), FCo=T(0.90, 1.00, 1.00), FS=T(0.95, 0.98, 1.00), FL=""ESTERCO_BOVINO"",",S,
cp2b_bov_pasto_misto_fco_min,M2_cascata_CP2b,FCo de BOV_PASTO_MISTO,min,0.9,fração (0–1),Metodo_CP2b/cp2b_params.py,line 137,"FC=T(0.0, 0.0, 0.10), FCo=T(0.90, 1.00, 1.00), FS=T(0.95, 0.98, 1.00), FL=""ESTERCO_BOVINO"",",S,
cp2b_bov_pasto_misto_fco_med,M2_cascata_CP2b,FCo de BOV_PASTO_MISTO,med,1.0,fração (0–1),Metodo_CP2b/cp2b_params.py,line 137,"FC=T(0.0, 0.0, 0.10), FCo=T(0.90, 1.00, 1.00), FS=T(0.95, 0.98, 1.00), FL=""ESTERCO_BOVINO"",",S,
cp2b_bov_pasto_misto_fco_max,M2_cascata_CP2b,FCo de BOV_PASTO_MISTO,max,1.0,fração (0–1),Metodo_CP2b/cp2b_params.py,line 137,"FC=T(0.0, 0.0, 0.10), FCo=T(0.90, 1.00, 1.00), FS=T(0.95, 0.98, 1.00), FL=""ESTERCO_BOVINO"",",S,
cp2b_bov_pasto_misto_fs_min,M2_cascata_CP2b,FS de BOV_PASTO_MISTO,min,0.95,fração (0–1),Metodo_CP2b/cp2b_params.py,line 137,"FC=T(0.0, 0.0, 0.10), FCo=T(0.90, 1.00, 1.00), FS=T(0.95, 0.98, 1.00), FL=""ESTERCO_BOVINO"",",S,
cp2b_bov_pasto_misto_fs_med,M2_cascata_CP2b,FS de BOV_PASTO_MISTO,med,0.98,fração (0–1),Metodo_CP2b/cp2b_params.py,line 137,"FC=T(0.0, 0.0, 0.10), FCo=T(0.90, 1.00, 1.00), FS=T(0.95, 0.98, 1.00), FL=""ESTERCO_BOVINO"",",S,
cp2b_bov_pasto_misto_fs_max,M2_cascata_CP2b,FS de BOV_PASTO_MISTO,max,1.0,fração (0–1),Metodo_CP2b/cp2b_params.py,line 137,"FC=T(0.0, 0.0, 0.10), FCo=T(0.90, 1.00, 1.00), FS=T(0.95, 0.98, 1.00), FL=""ESTERCO_BOVINO"",",S,
cp2b_suinos_ts_override_min,M2_cascata_CP2b,ts_override de SUINOS,min,0.08,fração (0–1),Metodo_CP2b/cp2b_params.py,line 142,"g=""DEJETOS_SUINO"", g_unid=""t / cab / ano"", yaml=""DEJETOS_SUINO"", ts_override=T(0.08, 0.10, 0.12),",S,
cp2b_suinos_ts_override_med,M2_cascata_CP2b,ts_override de SUINOS,med,0.1,fração (0–1),Metodo_CP2b/cp2b_params.py,line 142,"g=""DEJETOS_SUINO"", g_unid=""t / cab / ano"", yaml=""DEJETOS_SUINO"", ts_override=T(0.08, 0.10, 0.12),",S,
cp2b_suinos_ts_override_max,M2_cascata_CP2b,ts_override de SUINOS,max,0.12,fração (0–1),Metodo_CP2b/cp2b_params.py,line 142,"g=""DEJETOS_SUINO"", g_unid=""t / cab / ano"", yaml=""DEJETOS_SUINO"", ts_override=T(0.08, 0.10, 0.12),",S,
cp2b_suinos_fc_min,M2_cascata_CP2b,FC de SUINOS,min,0.7,fração (0–1),Metodo_CP2b/cp2b_params.py,line 143,"FC=T(0.70, 0.85, 0.95), FCo=T(0.90, 1.00, 1.00), FS=T(0.90, 0.95, 1.00), FL=""espacial"", FL_ref=""DEJETOS_SUINO"",",S,
cp2b_suinos_fc_med,M2_cascata_CP2b,FC de SUINOS,med,0.85,fração (0–1),Metodo_CP2b/cp2b_params.py,line 143,"FC=T(0.70, 0.85, 0.95), FCo=T(0.90, 1.00, 1.00), FS=T(0.90, 0.95, 1.00), FL=""espacial"", FL_ref=""DEJETOS_SUINO"",",S,
cp2b_suinos_fc_max,M2_cascata_CP2b,FC de SUINOS,max,0.95,fração (0–1),Metodo_CP2b/cp2b_params.py,line 143,"FC=T(0.70, 0.85, 0.95), FCo=T(0.90, 1.00, 1.00), FS=T(0.90, 0.95, 1.00), FL=""espacial"", FL_ref=""DEJETOS_SUINO"",",S,
cp2b_suinos_fco_min,M2_cascata_CP2b,FCo de SUINOS,min,0.9,fração (0–1),Metodo_CP2b/cp2b_params.py,line 143,"FC=T(0.70, 0.85, 0.95), FCo=T(0.90, 1.00, 1.00), FS=T(0.90, 0.95, 1.00), FL=""espacial"", FL_ref=""DEJETOS_SUINO"",",S,
cp2b_suinos_fco_med,M2_cascata_CP2b,FCo de SUINOS,med,1.0,fração (0–1),Metodo_CP2b/cp2b_params.py,line 143,"FC=T(0.70, 0.85, 0.95), FCo=T(0.90, 1.00, 1.00), FS=T(0.90, 0.95, 1.00), FL=""espacial"", FL_ref=""DEJETOS_SUINO"",",S,
cp2b_suinos_fco_max,M2_cascata_CP2b,FCo de SUINOS,max,1.0,fração (0–1),Metodo_CP2b/cp2b_params.py,line 143,"FC=T(0.70, 0.85, 0.95), FCo=T(0.90, 1.00, 1.00), FS=T(0.90, 0.95, 1.00), FL=""espacial"", FL_ref=""DEJETOS_SUINO"",",S,
cp2b_suinos_fs_min,M2_cascata_CP2b,FS de SUINOS,min,0.9,fração (0–1),Metodo_CP2b/cp2b_params.py,line 143,"FC=T(0.70, 0.85, 0.95), FCo=T(0.90, 1.00, 1.00), FS=T(0.90, 0.95, 1.00), FL=""espacial"", FL_ref=""DEJETOS_SUINO"",",S,
cp2b_suinos_fs_med,M2_cascata_CP2b,FS de SUINOS,med,0.95,fração (0–1),Metodo_CP2b/cp2b_params.py,line 143,"FC=T(0.70, 0.85, 0.95), FCo=T(0.90, 1.00, 1.00), FS=T(0.90, 0.95, 1.00), FL=""espacial"", FL_ref=""DEJETOS_SUINO"",",S,
cp2b_suinos_fs_max,M2_cascata_CP2b,FS de SUINOS,max,1.0,fração (0–1),Metodo_CP2b/cp2b_params.py,line 143,"FC=T(0.70, 0.85, 0.95), FCo=T(0.90, 1.00, 1.00), FS=T(0.90, 0.95, 1.00), FL=""espacial"", FL_ref=""DEJETOS_SUINO"",",S,
cp2b_aves_corte_fco_min,M2_cascata_CP2b,FCo de AVES_CORTE,min,0.85,fração (0–1),Metodo_CP2b/cp2b_params.py,line 148,"FC=""municipal:aves_fc"", FCo=T(0.85, 0.95, 1.00), FS=T(0.90, 0.95, 0.98), FL=""espacial"",",S,
cp2b_aves_corte_fco_med,M2_cascata_CP2b,FCo de AVES_CORTE,med,0.95,fração (0–1),Metodo_CP2b/cp2b_params.py,line 148,"FC=""municipal:aves_fc"", FCo=T(0.85, 0.95, 1.00), FS=T(0.90, 0.95, 0.98), FL=""espacial"",",S,
cp2b_aves_corte_fco_max,M2_cascata_CP2b,FCo de AVES_CORTE,max,1.0,fração (0–1),Metodo_CP2b/cp2b_params.py,line 148,"FC=""municipal:aves_fc"", FCo=T(0.85, 0.95, 1.00), FS=T(0.90, 0.95, 0.98), FL=""espacial"",",S,
cp2b_aves_corte_fs_min,M2_cascata_CP2b,FS de AVES_CORTE,min,0.9,fração (0–1),Metodo_CP2b/cp2b_params.py,line 148,"FC=""municipal:aves_fc"", FCo=T(0.85, 0.95, 1.00), FS=T(0.90, 0.95, 0.98), FL=""espacial"",",S,
cp2b_aves_corte_fs_med,M2_cascata_CP2b,FS de AVES_CORTE,med,0.95,fração (0–1),Metodo_CP2b/cp2b_params.py,line 148,"FC=""municipal:aves_fc"", FCo=T(0.85, 0.95, 1.00), FS=T(0.90, 0.95, 0.98), FL=""espacial"",",S,
cp2b_aves_corte_fs_max,M2_cascata_CP2b,FS de AVES_CORTE,max,0.98,fração (0–1),Metodo_CP2b/cp2b_params.py,line 148,"FC=""municipal:aves_fc"", FCo=T(0.85, 0.95, 1.00), FS=T(0.90, 0.95, 0.98), FL=""espacial"",",S,
cp2b_aves_postura_g_min,M2_cascata_CP2b,g de AVES_POSTURA,min,0.04,"t dejeto fresco / galinha / ano (~0,15 kg/dia)",Metodo_CP2b/cp2b_params.py,line 152,"g=T(0.040, 0.050, 0.055), g_unid=""t dejeto fresco / galinha / ano (~0,15 kg/dia)"", yaml=""DEJETOS_AVES"",",S,
cp2b_aves_postura_g_med,M2_cascata_CP2b,g de AVES_POSTURA,med,0.05,"t dejeto fresco / galinha / ano (~0,15 kg/dia)",Metodo_CP2b/cp2b_params.py,line 152,"g=T(0.040, 0.050, 0.055), g_unid=""t dejeto fresco / galinha / ano (~0,15 kg/dia)"", yaml=""DEJETOS_AVES"",",S,
cp2b_aves_postura_g_max,M2_cascata_CP2b,g de AVES_POSTURA,max,0.055,"t dejeto fresco / galinha / ano (~0,15 kg/dia)",Metodo_CP2b/cp2b_params.py,line 152,"g=T(0.040, 0.050, 0.055), g_unid=""t dejeto fresco / galinha / ano (~0,15 kg/dia)"", yaml=""DEJETOS_AVES"",",S,
cp2b_aves_postura_ts_override_min,M2_cascata_CP2b,ts_override de AVES_POSTURA,min,0.2,fração (0–1),Metodo_CP2b/cp2b_params.py,line 153,"ts_override=T(0.20, 0.25, 0.30),",S,
cp2b_aves_postura_ts_override_med,M2_cascata_CP2b,ts_override de AVES_POSTURA,med,0.25,fração (0–1),Metodo_CP2b/cp2b_params.py,line 153,"ts_override=T(0.20, 0.25, 0.30),",S,
cp2b_aves_postura_ts_override_max,M2_cascata_CP2b,ts_override de AVES_POSTURA,max,0.3,fração (0–1),Metodo_CP2b/cp2b_params.py,line 153,"ts_override=T(0.20, 0.25, 0.30),",S,
cp2b_aves_postura_fco_min,M2_cascata_CP2b,FCo de AVES_POSTURA,min,0.85,fração (0–1),Metodo_CP2b/cp2b_params.py,line 154,"FC=""municipal:aves_fc"", FCo=T(0.85, 0.95, 1.00), FS=T(0.90, 0.95, 0.98), FL=""espacial"", FL_ref=""DEJETOS_AVES"",",S,
cp2b_aves_postura_fco_med,M2_cascata_CP2b,FCo de AVES_POSTURA,med,0.95,fração (0–1),Metodo_CP2b/cp2b_params.py,line 154,"FC=""municipal:aves_fc"", FCo=T(0.85, 0.95, 1.00), FS=T(0.90, 0.95, 0.98), FL=""espacial"", FL_ref=""DEJETOS_AVES"",",S,
cp2b_aves_postura_fco_max,M2_cascata_CP2b,FCo de AVES_POSTURA,max,1.0,fração (0–1),Metodo_CP2b/cp2b_params.py,line 154,"FC=""municipal:aves_fc"", FCo=T(0.85, 0.95, 1.00), FS=T(0.90, 0.95, 0.98), FL=""espacial"", FL_ref=""DEJETOS_AVES"",",S,
cp2b_aves_postura_fs_min,M2_cascata_CP2b,FS de AVES_POSTURA,min,0.9,fração (0–1),Metodo_CP2b/cp2b_params.py,line 154,"FC=""municipal:aves_fc"", FCo=T(0.85, 0.95, 1.00), FS=T(0.90, 0.95, 0.98), FL=""espacial"", FL_ref=""DEJETOS_AVES"",",S,
cp2b_aves_postura_fs_med,M2_cascata_CP2b,FS de AVES_POSTURA,med,0.95,fração (0–1),Metodo_CP2b/cp2b_params.py,line 154,"FC=""municipal:aves_fc"", FCo=T(0.85, 0.95, 1.00), FS=T(0.90, 0.95, 0.98), FL=""espacial"", FL_ref=""DEJETOS_AVES"",",S,
cp2b_aves_postura_fs_max,M2_cascata_CP2b,FS de AVES_POSTURA,max,0.98,fração (0–1),Metodo_CP2b/cp2b_params.py,line 154,"FC=""municipal:aves_fc"", FCo=T(0.85, 0.95, 1.00), FS=T(0.90, 0.95, 0.98), FL=""espacial"", FL_ref=""DEJETOS_AVES"",",S,
cp2b_rsu_organico_g_min,M2_cascata_CP2b,g de RSU_ORGANICO,min,0.46,fração orgânica do RSU coletado,Metodo_CP2b/cp2b_params.py,line 159,"g=T(0.46, 0.50, 0.55), g_unid=""fração orgânica do RSU coletado"", yaml=""ORGANICO_RSU"",",S,
cp2b_rsu_organico_g_med,M2_cascata_CP2b,g de RSU_ORGANICO,med,0.5,fração orgânica do RSU coletado,Metodo_CP2b/cp2b_params.py,line 159,"g=T(0.46, 0.50, 0.55), g_unid=""fração orgânica do RSU coletado"", yaml=""ORGANICO_RSU"",",S,
cp2b_rsu_organico_g_max,M2_cascata_CP2b,g de RSU_ORGANICO,max,0.55,fração orgânica do RSU coletado,Metodo_CP2b/cp2b_params.py,line 159,"g=T(0.46, 0.50, 0.55), g_unid=""fração orgânica do RSU coletado"", yaml=""ORGANICO_RSU"",",S,
cp2b_rsu_organico_fc_min,M2_cascata_CP2b,FC de RSU_ORGANICO,min,0.5,fração (0–1),Metodo_CP2b/cp2b_params.py,line 160,"FC=T(0.50, 0.65, 0.80), FCo=T(1.0, 1.0, 1.0), FS=T(0.98, 1.00, 1.00), FL=""espacial"",",S,
cp2b_rsu_organico_fc_med,M2_cascata_CP2b,FC de RSU_ORGANICO,med,0.65,fração (0–1),Metodo_CP2b/cp2b_params.py,line 160,"FC=T(0.50, 0.65, 0.80), FCo=T(1.0, 1.0, 1.0), FS=T(0.98, 1.00, 1.00), FL=""espacial"",",S,
cp2b_rsu_organico_fc_max,M2_cascata_CP2b,FC de RSU_ORGANICO,max,0.8,fração (0–1),Metodo_CP2b/cp2b_params.py,line 160,"FC=T(0.50, 0.65, 0.80), FCo=T(1.0, 1.0, 1.0), FS=T(0.98, 1.00, 1.00), FL=""espacial"",",S,
cp2b_rsu_organico_fco_min,M2_cascata_CP2b,FCo de RSU_ORGANICO,min,1.0,fração (0–1),Metodo_CP2b/cp2b_params.py,line 160,"FC=T(0.50, 0.65, 0.80), FCo=T(1.0, 1.0, 1.0), FS=T(0.98, 1.00, 1.00), FL=""espacial"",",S,
cp2b_rsu_organico_fco_med,M2_cascata_CP2b,FCo de RSU_ORGANICO,med,1.0,fração (0–1),Metodo_CP2b/cp2b_params.py,line 160,"FC=T(0.50, 0.65, 0.80), FCo=T(1.0, 1.0, 1.0), FS=T(0.98, 1.00, 1.00), FL=""espacial"",",S,
cp2b_rsu_organico_fco_max,M2_cascata_CP2b,FCo de RSU_ORGANICO,max,1.0,fração (0–1),Metodo_CP2b/cp2b_params.py,line 160,"FC=T(0.50, 0.65, 0.80), FCo=T(1.0, 1.0, 1.0), FS=T(0.98, 1.00, 1.00), FL=""espacial"",",S,
cp2b_rsu_organico_fs_min,M2_cascata_CP2b,FS de RSU_ORGANICO,min,0.98,fração (0–1),Metodo_CP2b/cp2b_params.py,line 160,"FC=T(0.50, 0.65, 0.80), FCo=T(1.0, 1.0, 1.0), FS=T(0.98, 1.00, 1.00), FL=""espacial"",",S,
cp2b_rsu_organico_fs_med,M2_cascata_CP2b,FS de RSU_ORGANICO,med,1.0,fração (0–1),Metodo_CP2b/cp2b_params.py,line 160,"FC=T(0.50, 0.65, 0.80), FCo=T(1.0, 1.0, 1.0), FS=T(0.98, 1.00, 1.00), FL=""espacial"",",S,
cp2b_rsu_organico_fs_max,M2_cascata_CP2b,FS de RSU_ORGANICO,max,1.0,fração (0–1),Metodo_CP2b/cp2b_params.py,line 160,"FC=T(0.50, 0.65, 0.80), FCo=T(1.0, 1.0, 1.0), FS=T(0.98, 1.00, 1.00), FL=""espacial"",",S,
cp2b_poda_urbana_fc_min,M2_cascata_CP2b,FC de PODA_URBANA,min,0.3,fração (0–1),Metodo_CP2b/cp2b_params.py,line 166,"FC=T(0.30, 0.50, 0.70), FCo=T(0.80, 0.90, 1.00), FS=T(0.95, 0.98, 1.00), FL=""espacial"",",S,
cp2b_poda_urbana_fc_med,M2_cascata_CP2b,FC de PODA_URBANA,med,0.5,fração (0–1),Metodo_CP2b/cp2b_params.py,line 166,"FC=T(0.30, 0.50, 0.70), FCo=T(0.80, 0.90, 1.00), FS=T(0.95, 0.98, 1.00), FL=""espacial"",",S,
cp2b_poda_urbana_fc_max,M2_cascata_CP2b,FC de PODA_URBANA,max,0.7,fração (0–1),Metodo_CP2b/cp2b_params.py,line 166,"FC=T(0.30, 0.50, 0.70), FCo=T(0.80, 0.90, 1.00), FS=T(0.95, 0.98, 1.00), FL=""espacial"",",S,
cp2b_poda_urbana_fco_min,M2_cascata_CP2b,FCo de PODA_URBANA,min,0.8,fração (0–1),Metodo_CP2b/cp2b_params.py,line 166,"FC=T(0.30, 0.50, 0.70), FCo=T(0.80, 0.90, 1.00), FS=T(0.95, 0.98, 1.00), FL=""espacial"",",S,
cp2b_poda_urbana_fco_med,M2_cascata_CP2b,FCo de PODA_URBANA,med,0.9,fração (0–1),Metodo_CP2b/cp2b_params.py,line 166,"FC=T(0.30, 0.50, 0.70), FCo=T(0.80, 0.90, 1.00), FS=T(0.95, 0.98, 1.00), FL=""espacial"",",S,
cp2b_poda_urbana_fco_max,M2_cascata_CP2b,FCo de PODA_URBANA,max,1.0,fração (0–1),Metodo_CP2b/cp2b_params.py,line 166,"FC=T(0.30, 0.50, 0.70), FCo=T(0.80, 0.90, 1.00), FS=T(0.95, 0.98, 1.00), FL=""espacial"",",S,
cp2b_poda_urbana_fs_min,M2_cascata_CP2b,FS de PODA_URBANA,min,0.95,fração (0–1),Metodo_CP2b/cp2b_params.py,line 166,"FC=T(0.30, 0.50, 0.70), FCo=T(0.80, 0.90, 1.00), FS=T(0.95, 0.98, 1.00), FL=""espacial"",",S,
cp2b_poda_urbana_fs_med,M2_cascata_CP2b,FS de PODA_URBANA,med,0.98,fração (0–1),Metodo_CP2b/cp2b_params.py,line 166,"FC=T(0.30, 0.50, 0.70), FCo=T(0.80, 0.90, 1.00), FS=T(0.95, 0.98, 1.00), FL=""espacial"",",S,
cp2b_poda_urbana_fs_max,M2_cascata_CP2b,FS de PODA_URBANA,max,1.0,fração (0–1),Metodo_CP2b/cp2b_params.py,line 166,"FC=T(0.30, 0.50, 0.70), FCo=T(0.80, 0.90, 1.00), FS=T(0.95, 0.98, 1.00), FL=""espacial"",",S,
cp2b_lodo_ete_ts_override_min,M2_cascata_CP2b,ts_override de LODO_ETE,min,0.15,fração (0–1),Metodo_CP2b/cp2b_params.py,line 169,"g=""LODO_PRIMARIO"", g_unid=""t úmida / hab / ano (ST 15%)"", yaml=""LODO_PRIMARIO"", ts_override=T(0.15, 0.15, 0.15),",S,
cp2b_lodo_ete_ts_override_med,M2_cascata_CP2b,ts_override de LODO_ETE,med,0.15,fração (0–1),Metodo_CP2b/cp2b_params.py,line 169,"g=""LODO_PRIMARIO"", g_unid=""t úmida / hab / ano (ST 15%)"", yaml=""LODO_PRIMARIO"", ts_override=T(0.15, 0.15, 0.15),",S,
cp2b_lodo_ete_ts_override_max,M2_cascata_CP2b,ts_override de LODO_ETE,max,0.15,fração (0–1),Metodo_CP2b/cp2b_params.py,line 169,"g=""LODO_PRIMARIO"", g_unid=""t úmida / hab / ano (ST 15%)"", yaml=""LODO_PRIMARIO"", ts_override=T(0.15, 0.15, 0.15),",S,
cp2b_lodo_ete_fco_min,M2_cascata_CP2b,FCo de LODO_ETE,min,1.0,fração (0–1),Metodo_CP2b/cp2b_params.py,line 170,"FC=""municipal:esgoto_fc"", FCo=T(1.0, 1.0, 1.0), FS=T(0.98, 1.00, 1.00), FL=""espacial"",",S,
cp2b_lodo_ete_fco_med,M2_cascata_CP2b,FCo de LODO_ETE,med,1.0,fração (0–1),Metodo_CP2b/cp2b_params.py,line 170,"FC=""municipal:esgoto_fc"", FCo=T(1.0, 1.0, 1.0), FS=T(0.98, 1.00, 1.00), FL=""espacial"",",S,
cp2b_lodo_ete_fco_max,M2_cascata_CP2b,FCo de LODO_ETE,max,1.0,fração (0–1),Metodo_CP2b/cp2b_params.py,line 170,"FC=""municipal:esgoto_fc"", FCo=T(1.0, 1.0, 1.0), FS=T(0.98, 1.00, 1.00), FL=""espacial"",",S,
cp2b_lodo_ete_fs_min,M2_cascata_CP2b,FS de LODO_ETE,min,0.98,fração (0–1),Metodo_CP2b/cp2b_params.py,line 170,"FC=""municipal:esgoto_fc"", FCo=T(1.0, 1.0, 1.0), FS=T(0.98, 1.00, 1.00), FL=""espacial"",",S,
cp2b_lodo_ete_fs_med,M2_cascata_CP2b,FS de LODO_ETE,med,1.0,fração (0–1),Metodo_CP2b/cp2b_params.py,line 170,"FC=""municipal:esgoto_fc"", FCo=T(1.0, 1.0, 1.0), FS=T(0.98, 1.00, 1.00), FL=""espacial"",",S,
cp2b_lodo_ete_fs_max,M2_cascata_CP2b,FS de LODO_ETE,max,1.0,fração (0–1),Metodo_CP2b/cp2b_params.py,line 170,"FC=""municipal:esgoto_fc"", FCo=T(1.0, 1.0, 1.0), FS=T(0.98, 1.00, 1.00), FL=""espacial"",",S,
cp2b_cana_moida_SP_t_min,M2_cascata_CP2b,cana_moida_SP_t,min,333338169,t cana moída (safra),Metodo_CP2b/cp2b_params.py,line 35,"""cana_moida_SP_t"": {""min"": 333_338_169, ""med"": 356_508_000, ""max"": 357_142_342,",S,"UNICA/MAPA hpm, SP, safra 2020/21 (356.508 mil t); faixa 2017/18–2020/21"
cp2b_cana_moida_SP_t_med,M2_cascata_CP2b,cana_moida_SP_t,med,356508000,t cana moída (safra),Metodo_CP2b/cp2b_params.py,line 35,"""cana_moida_SP_t"": {""min"": 333_338_169, ""med"": 356_508_000, ""max"": 357_142_342,",S,"UNICA/MAPA hpm, SP, safra 2020/21 (356.508 mil t); faixa 2017/18–2020/21"
cp2b_cana_moida_SP_t_max,M2_cascata_CP2b,cana_moida_SP_t,max,357142342,t cana moída (safra),Metodo_CP2b/cp2b_params.py,line 35,"""cana_moida_SP_t"": {""min"": 333_338_169, ""med"": 356_508_000, ""max"": 357_142_342,",S,"UNICA/MAPA hpm, SP, safra 2020/21 (356.508 mil t); faixa 2017/18–2020/21"
cp2b_etanol_SP_m3_min,M2_cascata_CP2b,etanol_SP_m3,min,13222807,m³ etanol (safra),Metodo_CP2b/cp2b_params.py,line 38,"""etanol_SP_m3"": {""min"": 13_222_807, ""med"": 14_426_000, ""max"": 16_544_705,",S,"UNICA/MAPA hpm, SP, safra 2020/21 (14.426 mil m³); faixa 2017/18–2020/21"
cp2b_etanol_SP_m3_med,M2_cascata_CP2b,etanol_SP_m3,med,14426000,m³ etanol (safra),Metodo_CP2b/cp2b_params.py,line 38,"""etanol_SP_m3"": {""min"": 13_222_807, ""med"": 14_426_000, ""max"": 16_544_705,",S,"UNICA/MAPA hpm, SP, safra 2020/21 (14.426 mil m³); faixa 2017/18–2020/21"
cp2b_etanol_SP_m3_max,M2_cascata_CP2b,etanol_SP_m3,max,16544705,m³ etanol (safra),Metodo_CP2b/cp2b_params.py,line 38,"""etanol_SP_m3"": {""min"": 13_222_807, ""med"": 14_426_000, ""max"": 16_544_705,",S,"UNICA/MAPA hpm, SP, safra 2020/21 (14.426 mil m³); faixa 2017/18–2020/21"
cp2b_ch4_frac_biogas_aterro,M2_cascata_CP2b,ch4_frac_biogas[aterro],,0.5,fração,Metodo_CP2b/cp2b_params.py,line 56,"""ch4_frac_biogas"": {""aterro"": 0.50, ""agro"": 0.55, ""esgoto"": 0.60, ""pecuaria"": 0.60},",S,
cp2b_ch4_frac_biogas_agro,M2_cascata_CP2b,ch4_frac_biogas[agro],,0.55,fração,Metodo_CP2b/cp2b_params.py,line 56,"""ch4_frac_biogas"": {""aterro"": 0.50, ""agro"": 0.55, ""esgoto"": 0.60, ""pecuaria"": 0.60},",S,
cp2b_ch4_frac_biogas_esgoto,M2_cascata_CP2b,ch4_frac_biogas[esgoto],,0.6,fração,Metodo_CP2b/cp2b_params.py,line 56,"""ch4_frac_biogas"": {""aterro"": 0.50, ""agro"": 0.55, ""esgoto"": 0.60, ""pecuaria"": 0.60},",S,
cp2b_ch4_frac_biogas_pecuaria,M2_cascata_CP2b,ch4_frac_biogas[pecuaria],,0.6,fração,Metodo_CP2b/cp2b_params.py,line 56,"""ch4_frac_biogas"": {""aterro"": 0.50, ""agro"": 0.55, ""esgoto"": 0.60, ""pecuaria"": 0.60},",S,
cp2b_fator_capacidade_ute,M2_cascata_CP2b,fator_capacidade_ute,,0.7,fração,Metodo_CP2b/cp2b_params.py,line 57,"""fator_capacidade_ute"": 0.70,",S,
cp2b_eta_eletrica,M2_cascata_CP2b,eta_eletrica,,0.35,fração,Metodo_CP2b/cp2b_params.py,line 58,"""eta_eletrica"": 0.35,",S,
cp2b_pci_ch4_kwh_m3,M2_cascata_CP2b,pci_ch4_kwh_m3,,9.97,kWh/Nm³ CH4,Metodo_CP2b/cp2b_params.py,line 59,"""pci_ch4_kwh_m3"": 9.97,",S,
cp2b_biometano_pureza_CH4_min,M2_cascata_CP2b,biometano_pureza_CH4,min,0.9,fração CH4,Metodo_CP2b/cp2b_params.py,line 61,"""biometano_pureza_CH4"": {""min"": 0.90, ""med"": 0.96, ""max"": 0.98,",S,"Especificação ANP Res. 1.006/2026 — confirmar teor mínimo; 0,96 típico PSA/membrana"
cp2b_biometano_pureza_CH4_med,M2_cascata_CP2b,biometano_pureza_CH4,med,0.96,fração CH4,Metodo_CP2b/cp2b_params.py,line 61,"""biometano_pureza_CH4"": {""min"": 0.90, ""med"": 0.96, ""max"": 0.98,",S,"Especificação ANP Res. 1.006/2026 — confirmar teor mínimo; 0,96 típico PSA/membrana"
cp2b_biometano_pureza_CH4_max,M2_cascata_CP2b,biometano_pureza_CH4,max,0.98,fração CH4,Metodo_CP2b/cp2b_params.py,line 61,"""biometano_pureza_CH4"": {""min"": 0.90, ""med"": 0.96, ""max"": 0.98,",S,"Especificação ANP Res. 1.006/2026 — confirmar teor mínimo; 0,96 típico PSA/membrana"
cp2b_perda_metano_upgrading_min,M2_cascata_CP2b,perda_metano_upgrading,min,0.005,fração,Metodo_CP2b/cp2b_params.py,line 64,"""perda_metano_upgrading"": {""min"": 0.005, ""med"": 0.01, ""max"": 0.02,",S,methane slip típico (IEA Bioenergy Task 37)
cp2b_perda_metano_upgrading_med,M2_cascata_CP2b,perda_metano_upgrading,med,0.01,fração,Metodo_CP2b/cp2b_params.py,line 64,"""perda_metano_upgrading"": {""min"": 0.005, ""med"": 0.01, ""max"": 0.02,",S,methane slip típico (IEA Bioenergy Task 37)
cp2b_perda_metano_upgrading_max,M2_cascata_CP2b,perda_metano_upgrading,max,0.02,fração,Metodo_CP2b/cp2b_params.py,line 64,"""perda_metano_upgrading"": {""min"": 0.005, ""med"": 0.01, ""max"": 0.02,",S,methane slip típico (IEA Bioenergy Task 37)
cp2b_vinhaca_ch4_no_biogas_min,M2_cascata_CP2b,vinhaca_ch4_no_biogas,min,0.5,fração CH4 no biogás,Metodo_CP2b/cp2b_params.py,line 66,"""vinhaca_ch4_no_biogas"": {""min"": 0.50, ""med"": 0.575, ""max"": 0.65, ""fonte"": ""Atlas SP 2020 p.67"", ""status"": ""cp2b""},",S,Atlas SP 2020 p.67
cp2b_vinhaca_ch4_no_biogas_med,M2_cascata_CP2b,vinhaca_ch4_no_biogas,med,0.575,fração CH4 no biogás,Metodo_CP2b/cp2b_params.py,line 66,"""vinhaca_ch4_no_biogas"": {""min"": 0.50, ""med"": 0.575, ""max"": 0.65, ""fonte"": ""Atlas SP 2020 p.67"", ""status"": ""cp2b""},",S,Atlas SP 2020 p.67
cp2b_vinhaca_ch4_no_biogas_max,M2_cascata_CP2b,vinhaca_ch4_no_biogas,max,0.65,fração CH4 no biogás,Metodo_CP2b/cp2b_params.py,line 66,"""vinhaca_ch4_no_biogas"": {""min"": 0.50, ""med"": 0.575, ""max"": 0.65, ""fonte"": ""Atlas SP 2020 p.67"", ""status"": ""cp2b""},",S,Atlas SP 2020 p.67
cp2b_eta_eletrica_motor_min,M2_cascata_CP2b,eta_eletrica_motor,min,0.35,fração,Metodo_CP2b/cp2b_params.py,line 67,"""eta_eletrica_motor"": {""min"": 0.35, ""med"": 0.38, ""max"": 0.42, ""fonte"": ""motor a biogás"", ""status"": ""cp2b""},",S,motor a biogás
cp2b_eta_eletrica_motor_med,M2_cascata_CP2b,eta_eletrica_motor,med,0.38,fração,Metodo_CP2b/cp2b_params.py,line 67,"""eta_eletrica_motor"": {""min"": 0.35, ""med"": 0.38, ""max"": 0.42, ""fonte"": ""motor a biogás"", ""status"": ""cp2b""},",S,motor a biogás
cp2b_eta_eletrica_motor_max,M2_cascata_CP2b,eta_eletrica_motor,max,0.42,fração,Metodo_CP2b/cp2b_params.py,line 67,"""eta_eletrica_motor"": {""min"": 0.35, ""med"": 0.38, ""max"": 0.42, ""fonte"": ""motor a biogás"", ""status"": ""cp2b""},",S,motor a biogás
art_limiar_industrial,M1/M3,corte de escala 'industrial' por município,,50000,Nm³ CH4/dia,Metodo_CP2b/cp2b_indicadores_artigo.py,line 50,LIMIAR_INDUSTRIAL = 50_000       # Nm³ CH4/dia (mesmo corte do manuscrito),S,
art_low_kv,M3_alcance_infra_50km,tensões secundárias que marcam subestação com saída de distribuição,,"13,8/20/34,5/88/138",kV,Metodo_CP2b/cp2b_indicadores_artigo.py,line 49,"LOW_KV = (""13,8"", ""20"", ""34,5"", ""88"", ""138"")",S,
art_alcance_gas_e_se,M3_alcance_infra_50km,raio de alcance à malha de gás e à subestação,,50,"km (euclidiana, ponto representativo)",Metodo_CP2b/cp2b_indicadores_artigo.py,line 264,"cat = np.select([(d_gas <= 50) & (d_se <= 50), (d_se <= 50), (d_gas <= 50)], [""gas and electricity"", ""electricity only"", ""gas only""],",S,
art_perms,M4_moran_lisa,permutações Moran/LISA,,999,-,Metodo_CP2b/cp2b_indicadores_artigo.py,line 48,"SEED_MORAN, SEED_KM, PERMS = 20260802, 20260801, 999",S,
art_seed_moran,M4_moran_lisa,semente Moran,,20260802,-,Metodo_CP2b/cp2b_indicadores_artigo.py,line 48,"SEED_MORAN, SEED_KM, PERMS = 20260802, 20260801, 999",S,
art_seed_km,M5_tipologias_kmeans,semente k-means,,20260801,-,Metodo_CP2b/cp2b_indicadores_artigo.py,line 48,"SEED_MORAN, SEED_KM, PERMS = 20260802, 20260801, 999",S,
art_buffer_contiguidade,M4_moran_lisa,buffer dos polígonos para contiguidade queen,,150,m,Metodo_CP2b/cp2b_indicadores_artigo.py,line 206,geo = mu.geometry.simplify(50).buffer(150),S,
art_lisa_p,M4_moran_lisa,nível de significância LISA,,0.05,p,Metodo_CP2b/cp2b_indicadores_artigo.py,line 235,s = p <= 0.05,S,
art_kmeans_ninit,M5_tipologias_kmeans,n_init do k-means,,25,-,Metodo_CP2b/cp2b_indicadores_artigo.py,line 286,"sil = {k: silhouette_score(X, KMeans(n_clusters=k, n_init=25, random_state=SEED_KM).fit(X).labels_) for k in range(2, 9)}",S,
infra_bandas_km,M3_alcance_infra_50km,faixas de distância à rede elétrica,,25/50/100/200,km,Resultados em Mapas-20260807T123054Z-1-001/analysis/paper_figures/14_infra_eletrica.py,line 29,"BANDS_KM = [25, 50, 100, 200]",S,
t8_pureza,M6_mandato_lei_14993,pureza do biometano (provisória),,0.96,fração CH4,Metodo_CP2b/outputs_v5/revisao_ESD/scripts/t8_mandato_mistura.py,line 35,"PUR, SLIP = 0.96, 0.01",S,
t8_slip,M6_mandato_lei_14993,perda de CH4 no upgrading,,0.01,fração,Metodo_CP2b/outputs_v5/revisao_ESD/scripts/t8_mandato_mistura.py,line 35,"PUR, SLIP = 0.96, 0.01",S,
t8_consumo_sp,M6_mandato_lei_14993,"volume distribuído em SP, média diária mar/2026",,13.79,MM m³/dia,Metodo_CP2b/outputs_v5/revisao_ESD/scripts/t8_mandato_mistura.py,line 30,"CONSUMO = {""SP (all distributors)"": 13.79, ""Comgás"": 12.08, ""Naturgy (GNSPS)"": 1.01, ""Necta (Gás Brasiliano)"": 0.70}",S,ARSESP (fonte escrita na linha 31)
t8_meta_2026,M6_mandato_lei_14993,meta 2026 CNPE Res. 4/2026,,0.005,fração,Metodo_CP2b/outputs_v5/revisao_ESD/scripts/t8_mandato_mistura.py,line 32,"METAS = {""CNPE Res. 4/2026 (2026 target)"": 0.005, ""Law 14.993/2024 floor (1%)"": 0.01, ""Law 14.993/2024 ceiling (10%)"": 0.10}",S,
t8_piso,M6_mandato_lei_14993,piso Lei 14.993/2024,,0.01,fração,Metodo_CP2b/outputs_v5/revisao_ESD/scripts/t8_mandato_mistura.py,line 32,"METAS = {""CNPE Res. 4/2026 (2026 target)"": 0.005, ""Law 14.993/2024 floor (1%)"": 0.01, ""Law 14.993/2024 ceiling (10%)"": 0.10}",S,
t8_teto,M6_mandato_lei_14993,teto Lei 14.993/2024,,0.1,fração,Metodo_CP2b/outputs_v5/revisao_ESD/scripts/t8_mandato_mistura.py,line 32,"METAS = {""CNPE Res. 4/2026 (2026 target)"": 0.005, ""Law 14.993/2024 floor (1%)"": 0.01, ""Law 14.993/2024 ceiling (10%)"": 0.10}",S,
t8_ic_ng_power,M6_mandato_lei_14993,intensidade de carbono GN (geração),,73.52,gCO2eq/MJ,Metodo_CP2b/outputs_v5/revisao_ESD/scripts/t8_mandato_mistura.py,line 33,"IC = {""NG_power_73.52"": 73.52, ""NG_vehicle_76.85"": 76.85}",S,"LEIA-ME diz: vindo da imprensa, texto oficial não aberto"
t8_ic_ng_vehicle,M6_mandato_lei_14993,intensidade de carbono GN (veicular),,76.85,gCO2eq/MJ,Metodo_CP2b/outputs_v5/revisao_ESD/scripts/t8_mandato_mistura.py,line 33,"IC = {""NG_power_73.52"": 73.52, ""NG_vehicle_76.85"": 76.85}",S,
t8_ic_bio,M6_mandato_lei_14993,intensidade de carbono biometano,,8.55,gCO2eq/MJ,Metodo_CP2b/outputs_v5/revisao_ESD/scripts/t8_mandato_mistura.py,line 34,IC_BIO = 8.55,S,
p2_raio_pares,M7_pares_codigestao_P2,raio de busca de pares (euclidiano entre municípios),,50.0,km,Resultados em Mapas-20260807T123054Z-1-001/analysis/paper_figures/P2/build_biochemical_matching_system.py,line 429,valid_j = np.where((dists_km > 0) & (dists_km <= 50.0))[0],S,
p2_cn_alvo,M7_pares_codigestao_P2,C:N alvo da mistura,,25.0,molar,Resultados em Mapas-20260807T123054Z-1-001/analysis/paper_figures/P2/build_biochemical_matching_system.py,line 447,f_b_opt = (cn_a - 25.0) / (cn_a - cn_b),S,
p2_ts_umida,M7_pares_codigestao_P2,TS máximo digestão úmida,,10.0,%,Resultados em Mapas-20260807T123054Z-1-001/analysis/paper_figures/P2/build_biochemical_matching_system.py,line 456,if blended_ts <= 10.0:,S,
p2_ts_semiseca,M7_pares_codigestao_P2,TS máximo digestão semi-seca,,20.0,%,Resultados em Mapas-20260807T123054Z-1-001/analysis/paper_figures/P2/build_biochemical_matching_system.py,line 458,elif blended_ts <= 20.0:,S,
p2_sweet_spot,M7_pares_codigestao_P2,faixa 'sweet spot' de C:N da mistura,,20.0–35.0,molar,Resultados em Mapas-20260807T123054Z-1-001/analysis/paper_figures/P2/build_biochemical_matching_system.py,line 467,"sweet_spot = (20.0 <= blended_cn <= 35.0) or (1.5 <= (cn_a/max(cn_b, 0.1)) <= 8.0)",S,docstring/planilha dizem 20–30 (conflito)
p2_sinergia,M7_pares_codigestao_P2,fator de sinergia (par complementar no sweet spot / outros),,1.18/1.05,multiplicador de CH4,Resultados em Mapas-20260807T123054Z-1-001/analysis/paper_figures/P2/build_biochemical_matching_system.py,line 470,synergy_boost = 1.18 if comp_flag and sweet_spot else 1.05,S,sem fonte escrita no código
p2_pci,M7_pares_codigestao_P2,PCI do CH4,,9.97,kWh/m³,Resultados em Mapas-20260807T123054Z-1-001/analysis/paper_figures/P2/build_biochemical_matching_system.py,line 474,ch4_dia_comb = (gwh_comb * 1e6 / 9.97) / 365.0,S,
p2_peso_composto,M7_pares_codigestao_P2,peso de GWh e de Shannon H no escore das âncoras,,0.5,-,Resultados em Mapas-20260807T123054Z-1-001/analysis/paper_figures/P2/build_biochemical_matching_system.py,line 408,comp_score = 0.5 * gwh_norm + 0.5 * h_norm,S,
p2_n_ancoras,M7_pares_codigestao_P2,número de âncoras Tier-1,,101,municípios,Resultados em Mapas-20260807T123054Z-1-001/analysis/paper_figures/P2/build_biochemical_matching_system.py,line 412,cutoff_101 = np.sort(comp_score)[-101],S,
p2_n_pares,M7_pares_codigestao_P2,número de pares prioritários retidos,,162,pares,Resultados em Mapas-20260807T123054Z-1-001/analysis/paper_figures/P2/build_biochemical_matching_system.py,line 531,df_priority = df_priority_cands.head(162).copy(),S,
p2_pot_cut,M7_pares_codigestao_P2,corte de potencial do quadrante,,50000.0,m³/dia,Resultados em Mapas-20260807T123054Z-1-001/analysis/paper_figures/P2/map_p2_03_conectividade_gasoduto.py,line 61,POT_CUT = 50_000.0,S,
p2_gas_cut,M7_pares_codigestao_P2,corte de distância ao gás do quadrante,,20.0,km,Resultados em Mapas-20260807T123054Z-1-001/analysis/paper_figures/P2/map_p2_03_conectividade_gasoduto.py,line 62,GAS_CUT = 20.0,S,
lit_saraswat2025_peso_disponibilidade_de_biomassa,L1_lit_GIS_AHP_location_allocation,peso AHP: disponibilidade de biomassa,,0.353,peso (soma 1),Referencias_Submissao_ESD/PAPER_08_REF.md,md line 502 (página do PDF não marcada no .md),"preference to the “availability of biomass,” assigning it a preference score of 0.353 (35.3 %), as shown in Fig. 6. This preference is given due to its direct impact",S,
lit_saraswat2025_peso_distancia_a_corpos_d_agua,L1_lit_GIS_AHP_location_allocation,peso AHP: distância a corpos d'água,,0.232,peso (soma 1),Referencias_Submissao_ESD/PAPER_08_REF.md,md line 502 (página do PDF não marcada no .md),"tance is assigned to the distance from water bodies, with a criterion weight of 0.232. This criterion is critical for power generation applications, such as steam ge",S,
lit_saraswat2025_peso_distancia_a_rodovias,L1_lit_GIS_AHP_location_allocation,peso AHP: distância a rodovias,,0.17,peso (soma 1),Referencias_Submissao_ESD/PAPER_08_REF.md,md line 502 (página do PDF não marcada no .md),"y. The distance from road networks is the third significant variable, and it is weighted at 0.17 (detailed in **Annexure IV(c)** ). This criterion is given priority since it af",S,
lit_saraswat2025_peso_distancia_a_linhas_de_transmissao,L1_lit_GIS_AHP_location_allocation,peso AHP: distância a linhas de transmissão,,0.128,peso (soma 1),Referencias_Submissao_ESD/PAPER_08_REF.md,md line 502 (página do PDF não marcada no .md),"upkeep. The fourth preference is given to the distance from transmission lines (0.128) because of concerns about transmission losses, the",S,
lit_saraswat2025_peso_distancia_a_forca_de_trabalho,L1_lit_GIS_AHP_location_allocation,peso AHP: distância a força de trabalho,,0.047,peso (soma 1),Referencias_Submissao_ESD/PAPER_08_REF.md,md line 516 (página do PDF não marcada no .md),"nment and private entities. Distance from workforce potentials is ranked fifth (0.047), as proximity to nearby communities ensures access to skilled and semi-skilled",S,
lit_saraswat2025_peso_distancia_a_urbanizacao,L1_lit_GIS_AHP_location_allocation,peso AHP: distância à urbanização,,0.041,peso (soma 1),Referencias_Submissao_ESD/PAPER_08_REF.md,md line 516 (página do PDF não marcada no .md),"son, distance from urbanization is given the sixth preference, with a weight of 0.041. Finally, the slope is assigned the lowest priority, with a weight of 0.03, as",S,
lit_saraswat2025_peso_declividade,L1_lit_GIS_AHP_location_allocation,peso AHP: declividade,,0.03,peso (soma 1),Referencias_Submissao_ESD/PAPER_08_REF.md,md line 516 (página do PDF não marcada no .md),"of 0.041. Finally, the slope is assigned the lowest priority, with a weight of 0.03, as it affects the site’s construction feasibility and infrastructure accessibi",S,
lit_saraswat2025_dist_otima,L1_lit_GIS_AHP_location_allocation,limiar ótimo de distância de transporte,,12.67,km,Referencias_Submissao_ESD/PAPER_08_REF.md,md line 494,estimates an optimal transportation distance threshold of 12.67 km. The optimal distance will be used in the allocation of supply centers in locat,S,
lit_saraswat2025_cr,L1_lit_GIS_AHP_location_allocation,razão de consistência máxima do AHP,,10 %,%,Referencias_Submissao_ESD/PAPER_08_REF.md,md line 271,"rix, and n is the size of the matrix or the number of elements. The CR value of 10 % or less indicates that the AHP results are reliable. If the value exceeds 10 %, the pai",S,
lit_saraswat2025_buffer_estrada,L1_lit_GIS_AHP_location_allocation,faixa adequada de distância à estrada,,31–500,m,Referencias_Submissao_ESD/PAPER_08_REF.md,md line 285,"s this, the study considers a 30-m roadside buffer as unsuitable, areas located between 31 and 500 m from the road as suitable, and land beyond 500 m as not suitable (Billal et al.",S,
lit_raio_palha_usina,L2_raios_literatura_FL,raio palha (usina),,< 10,km,Metodo_CP2b/Evidencias_CP2B_FC_FCo_FL.md,md line 290,"C3; 0,30–0,98 no YAML). Raios citados por substrato: palha ""mills < 10 km"" (leal2013); dejetos bovinos ""~45 km"" (coldebella2006); ave",S,"raios citados em arquivos CP2B; referências como escritas (leal2013, coldebella2006, Laasasenaho et al. 2019)"
lit_raio_dejetos_bovinos,L2_raios_literatura_FL,raio dejetos bovinos,,~45,km,Metodo_CP2b/Evidencias_CP2B_FC_FCo_FL.md,md line 290,"bstrato: palha ""mills < 10 km"" (leal2013); dejetos bovinos ""~45 km"" (coldebella2006); aves ""~30–35 km""; lodo 15–25 km; RSU 12–",S,"raios citados em arquivos CP2B; referências como escritas (leal2013, coldebella2006, Laasasenaho et al. 2019)"
lit_raio_aves,L2_raios_literatura_FL,raio aves,,~30–35,km,Metodo_CP2b/Evidencias_CP2B_FC_FCo_FL.md,md line 290,"leal2013); dejetos bovinos ""~45 km"" (coldebella2006); aves ""~30–35 km""; lodo 15–25 km; RSU 12–35 km (até 80 km para LBM); suínos",S,"raios citados em arquivos CP2B; referências como escritas (leal2013, coldebella2006, Laasasenaho et al. 2019)"
lit_raio_lodo,L2_raios_literatura_FL,raio lodo,,15–25,km,Metodo_CP2b/Evidencias_CP2B_FC_FCo_FL.md,md line 290,"ejetos bovinos ""~45 km"" (coldebella2006); aves ""~30–35 km""; lodo 15–25 km; RSU 12–35 km (até 80 km para LBM); suínos 10 / 20–30 / 50",S,"raios citados em arquivos CP2B; referências como escritas (leal2013, coldebella2006, Laasasenaho et al. 2019)"
lit_raio_rsu,L2_raios_literatura_FL,raio RSU,,12–35 (até 80 para LBM),km,Metodo_CP2b/Evidencias_CP2B_FC_FCo_FL.md,md line 290,"""~45 km"" (coldebella2006); aves ""~30–35 km""; lodo 15–25 km; RSU 12–35 km (até 80 km para LBM); suínos 10 / 20–30 / 50 km; MCDA 10 km",S,"raios citados em arquivos CP2B; referências como escritas (leal2013, coldebella2006, Laasasenaho et al. 2019)"
lit_raio_su_nos,L2_raios_literatura_FL,raio suínos,,10 / 20–30 / 50,km,Metodo_CP2b/Evidencias_CP2B_FC_FCo_FL.md,md line 290,"0–35 km""; lodo 15–25 km; RSU 12–35 km (até 80 km para LBM); suínos 10 / 20–30 / 50 km; MCDA 10 km (Laasasenaho et al. 2019); ""Dinamarca: raio méd",S,"raios citados em arquivos CP2B; referências como escritas (leal2013, coldebella2006, Laasasenaho et al. 2019)"
lit_raio_mcda,L2_raios_literatura_FL,raio MCDA,,10,km,Metodo_CP2b/Evidencias_CP2B_FC_FCo_FL.md,md line 290,"U 12–35 km (até 80 km para LBM); suínos 10 / 20–30 / 50 km; MCDA 10 km (Laasasenaho et al. 2019); ""Dinamarca: raio médio 8–12 km""",S,"raios citados em arquivos CP2B; referências como escritas (leal2013, coldebella2006, Laasasenaho et al. 2019)"
